hash_email,cookie_id
d814963628d5e96f670832abea8f5ab6e37964979ab8a1d6474118447cedb8e0,9130470
1b84f6e841281240e1d7b6a2a966aa7693adbf0128917316f26b2c94b4084915,8991460
5801bd046a82945731b289f55f1788bbf6ea4c085ecbfc0f7e13de826e847cc1,7964804
5826739d5573dd58ca607fd755bc3608ac8d2abd6b4915b49a851d08664a4f3e,1662014
750b04c229559aae3dc464c70a63475b901f650bc357fe472df7ab0aac6b3f83,4090679
054c89443c88d210f9a85ecb3f9e33261eabeb1678a4d01c994975edcfde5c91,2417638
5627d0798c0dbe0b716a744f8db8e1b08a64a8def1e545d801fcf2778af55580,6016259
d45f66958915dde651b0bb1039abfedc352a4e3deddcf77a5be74854237a57c4,2028753
c999d39b57c7073883d8cac6f78bb7dd062878d6a84ebb6e21f83e634f508418,6379916
3f5858ffa5ac07374e69805a9e19a79ba6ff16332a61c086d87dc65d5c389fed,3076568
7c617fc510708431a5b9eeaf46f586b313a1f908bb506a73ac4b5d8c164a8d98,2978245
583d423342b6d6683a8b147440a0835470ba73acc69027252f6882a2d6ae587b,6840784
e0f7b65fd08462179df832b7a75e3e2709c7a75aa8430e2fea9a5f70e56620d0,7537761
e14e4392399d4877c0e81b01e9eeceacce32ed7ca882d6a81eeffb1f8c07887a,1312089
8b9eef53e1ef4c04cfb2ccc838c4f0773796c90549f43823eb52b5cea6ffdf28,9599643
9b2f20700fb2e5e5a8599a9273b4eb8e87a710d606eacb5a80d4d94bb326c72a,6902148
f03ab24aeb9e94041bbd7aa157e3ca90ad1cfebd3fb9962708586ce1d28cceba,1979982
17165f17aae8449ccef304ca9c5bb73860743085f1afbb49133e241da00e6891,6645076
5b96702bce74e6057d95da98b8fd302c6ecb4caf3cf77ef40f0271b44ac135a3,2097096
e48fec3ebb35c71d0e97d618d28d2098ab97b75df20ad76ae40b662ddb6a60eb,9824972
9886a7aa5a1fa33752b5d302106c47c4381b966473e0005d659b261cace3bdf3,1845179
bc330f6dbb34cfb3d06a54ae4035c55939c972b3c46a453a1a7dc3614757fe5e,4527582
6b80f1dfdbcdfe431fe71adaf636e579d12e9f8019c8e4e0f8b431784917ed6b,3193687
be574ce022a40d5687b87c3b06cc1bae7a10a955ad301784d385995e49b067c0,8129974
8159c8339c8cddb267d54969f198f502c0c5324d53f0ac681c53651e35ed5b4d,5216891
9756da2749930a57d9ed8e95b6f2db32eef1bf31db4da7bb6989364cef54e6bd,4788328
72acde8c79bcee14dcbbc84ffcd0fa2e026f4cbc4e9f9a5dbdeb92b78d61fca5,9293324
5f0aabe2fdc973b62287304230fc2ac6f9d5c5fb203af52f6b23179b3fa65f8d,4430526
11bebce6de5105cf9da7c8ba78c04c854d7ae6f0da4ca256667c51615ac88c8c,9301280
1f55bd5988669daa9d47e437855f2a3f3722745a421764a269e3d51803d72819,7110232
b77e4b745afd0a229932cee421bc4df6bc64184cc2a31046b8b734eba4acbcb5,9697846
3c041247db70b2769e325aee0b0c9760b7b7dff0e6f2e9fc51017c78a1f1404a,1851101
2f510acfaf2042e5cbba801162391e53fb3bdc4fa6c708d9d46b562c7f31d148,2680083
d7fb4e370ba624f882d4dd91f228d8f629133d153bd6e8eda8febdd2ae6f01ec,1514095
a7d5976f404e46b12c2dda2c303cb49cfe6883b5f7dd6920afbd1a73651bd5d6,7101946
16d34de9b0ab03e62feaa5b7068d866a72801b519edee5b1073986c62009bf80,9469481
c5c71b8a584272b7964abe6d7c8de4f3c4c106c8891c091302d4a4a5ab448c96,7428121
7b64877d537cb6287e6a661d028508739cf8a471fa5fcbe16d89cf8aa11a6566,8174176
979a9c172368af06884c525f6cad661071cf38c43609a9a77785a157b9129706,9630864
22785d668070b848c69f0a05b1053b3e66a0b0eecaa4304cbaef6c9fc3784f56,3899185
f51ddd5a9ab69f17d8bd43aa6461a54175525d3e235f54effb7e67d29f97a39c,2444403
4d88378fab4671a602df99ef8c6d1a274b70ff8d185b68ec698564a528993a96,1780207
ef4fca569b30b9a75b4dda528bb08a725ac46f5d751b03ffabd83428404e4547,6417092
d0171caf7ed4e23a7aec59a44ac8213c7792b74adadd9899b70ed0ada883f7ef,2919678
10e3dafb55bb5a3b31ed8a1b602bd8a4ec9ad77f91b44be0c4e2a42bcc8c321f,8790853
f7b7d9059266c5455d2b46e152116b6ea42002cf50a6673c90e94ca3dbdaf6dc,8929146
90b0a423d036bf511b08d4ae3a22b3ce6120fa8afd05acfe7f878ccf6432d168,6369031
1b57987fdadb0daba8c01ae0450d2ef0bc547c12cad339b75e25ae6a9a3bc1a0,7820019
a82cf55968b129ac89b2ed725fb424f5e577e52d05c7a73060611a7af5035c2c,9714117
71e28edbc002a13fed9a56dfe03b340cf678854e85dfb385ce0427daae423100,3046663
4fe46f38d23bdf78d3ff1b4cdc772578cce9b4a1e1840b7956d62446d5ba34e8,5289584
1922ab3e495e1473c99283ea3a4e8e2968dc789bfa16d2f2593ecb505242947b,5248017
26f453a358ef3316e0d6234e1b5dc5e07d35bfea59447d0737202f69bf0bdd66,7799355
022da095de5a9add0c086a15e1ca750c9bd10e092d8de3c282a8e09ebc12f018,2525525
5ecff99a498ce21b2fe3b062e28cfcc4a4587a91e4e53fdcb6d3a101483a0a4a,2601318
4043d3a3a0f7ff4da4209735b8acd1c925e7b95919facdd72263870865c96155,5812605
20c6befa808a1c08c243e136ea6dd87fc968c9f3989e5784f20972bdd9d245d1,7451896
034db614ccaa9629f20e5dafa407c59b7013dc01e7ee0a370561bd3a0942aa42,2336221
63ea41f3f850eb79e65e9afc03cce616b749806b7035b30fe22e0aa70dbd299f,6701633
9779a0b8a59a82f737702c0160e273d806658533e2719ed97533acf258d33dbe,7874913
519d3f10208464ca37123a4bd4131dd8713887289cf57da5e2b01d8f77c64ac4,8841378
64787f02f2360ed6e8ea948204217c57c6acd9bdb5087008136882ba95e8a9be,1352912
e73d9c443d97395ac96f0f062c16503f5c390e932b507d8496a860f75459d94a,4513155
0ecaf1becf62600cfdd190ed9017d5ba65159efd08b088e79a50a7844822682d,4265257
da621e76527baf28adca80232915f51fec2aae17574c232ba49a547599875c1d,9642570
7f2c16f72f30495c025102545991766a96e5b3c94c526a9aa34820da6d3bb9d5,7871088
6804814d4f79813e5dfee83cf45fe6861a974d42fbfcf9416c4abf7146b01f94,3139059
f485a99b5fe129d0825f4469e24e28204eb6d6b720b9912d7edd3d54f87c7f57,4797550
2930d10032acf2e8c8b6c1d09962c415c8679456b8423390dedb46632c2eaa6b,8203198
cb55f8fe88588506cb227b2482251731ec243c226f1d9a3adafbbc5b513afd1a,4925735
b4d515569980724aaebf505d6ab072403f3a28553fc2f5ac5ddc5a7363e7058c,2196367
333027338b4949fc5ca62dd6cea7bf1dff0d42def4aa0e9f06ca71bf0e43b17e,6283108
c0a26e7c7923944e13e6f11d69aa2e7c7e0400f016cbdbdea30e8f29ba016202,1805964
b2b5b3a54f68e5470b6264a66c5b1308380a6ed6b557264d99ec11fa691d40b5,4383559
216b6f9b855e1a060332ccbf570ac117afc9d0e6a90e50ecd328f4db04b9903d,7982349
961d5d96c1281e51c919d7a5c38ce2fc8cfa3c99839a12e86341af9deea6930f,9038417
ac80f0621f4ad1927fa7d360ceb28902caa84e97fb61d942c9794e972f3b67d9,8495369
163fae9d47f1f374408b6bd2377625f0f0251e25533da5bff05e4d530a5e7d39,9952597
c18d92cb3958416e49c40697f0f17ca0da1fe818d97026178c7063cd25a3077f,1245218
75962c4f2d13e5876b06004e303ff31c930bcd6ecaede2328b4fbf153a304f2a,9590514
68e02481620ea7a221927dbd41525178585b651ba154f0c5872af2e3e5c4273a,6234470
a2c84c24fbc8fe422393aa6666e2978663bac88c77ffde2575d3474128d3013d,2847779
c060810b6870844a625164b62ba61dabc56297b802939911e23b757afe6f4223,5754086
5c509366fa5871ab3786eb8848d1206fc7a7521fcb567390732b98c69f52f18a,3869979
3877086b159894cd98b1f8d8d025ff5a28255a9fbeece3f8315d4eb571079924,2960535
3d34810354b93f1add6c1bd5fbec066b6628bdd6c23797fb833b228c01d86007,9893864
064d8edc8eed181a8bc76d3a12941d130513cd507e25d8cdec0546837464f196,7599164
8ea8c25ee033b80198f9ccac84df392b7ed7dcd8cf9d92de14473a619acfe160,1284302
dd99eeb6f2172104c97207172d3f46dcd49df4d85ca5e22e320bf32587019fa3,6237998
19aaa6f451fb6089d8120723e36e929ff1c5ed67bd7428dfa817c9e1a81b1acb,4392062
54088b196dc8c5b0187bf0160534a3beafeaf8edf07c8d7f7703d17a37305750,7015492
0a38d8a42664c75391a36c0f6384efb4bfdc9dc5ae1fb74367884bbd5660d220,2340169
299f6734b39bd21a0a17285a7b5df51ef605529b168b03180804fc022ac4df9d,4122508
3eeafdf45f82e5b2c1cb03beacca68b833b4a872f74becd3d2e64741a13d3612,7726763
8e88217c7205be243de88bb7da0d05072cf50a58b42d0c50a44126deaa09f435,5247137
875a1bbb2aa8b2c5ccb37c85afe780def7101e734aefa1f27b49a957837c62a6,4795304
a7f56c2dd1d7f5f93904b22b48f092fd46a62d0678538727791a50ae930ef89f,1057706
61a48db9b356a5e13d358836d72fc59c1a30a0d263cd6901e4b69507915feff0,4569993
99ca2db092f6bb62b5f4334d326d6302884ab67d7903920cb5f771a591babed6,1780536
4719c4e26f14347b2b5df9621f95297387a479285f687cfa96165ed7eaf3efce,5802852
429cce08dbd2d50bc993db8e64c5c0eccad359f950e73f92cc8bb2e20dfed870,6046808
4da46df661d6cae737849b54bb167ec3e3835f74bde9c2243ab530eb4322f708,8709717
2f5d3dc7a07e941fd20ce145b905bd8514c59bb280bc7144633f442e9c0c3a20,1217622
5689752e66a29224e12f4b70624565846519d64023a9f0740886dcb2638683ba,4313954
6fea3d1c662c48091421aa213f9e59fefd6e7b941a1c11a08b950074c6c31db2,1794404
9dd4ae49a670ab58d9d11db52ad192193ca40b4178e62b7eefe8be7dc2ffa6c6,9204880
ca56f020406116c015ba1eaff5aa717048fd9dc9793090a613e679b9039dbe37,2214594
eae31939bc914797ef775bb41848cb0220f7b300c04fb8776095d89e7166a909,6628698
28b3502b62b31775f02edd6304ea662a3ca25ba75e915296f3cc3c11ebbd4dce,6812520
59a8c641d4d995e628d0575f28a245e79fae5add36585e9d8bce6e79fa7e29e6,1701571
f4fb0a6a54795f64920e57911abced9b0a62b9c6dd61cfbc288a4972e3ffc0c5,1308399
fa569375011803a02950b693f498bc854046f6ef949f51320f24f0d14931ee66,5715043
310ba24ba8af2630728b5a2053850302e9aa3560790906b991ea59bb13f9cfdd,4596261
a65b196c67bde112484875baec46ca1cfca937e48df0dbed2568a00f712213a1,2357322
d3a21d23b5f4a71dedbcbf2d8f9d8ce2f6e9420bf7f549a7c37c56e2deebdd4b,7257437
be8c4f25e714db870da5459d0b3a83868152f7b707306dead0790151b21233d6,4498343
c21cc6603b2caca31e9e823fd755787cd37a4e2b1895dcd3ab5c308567608125,4367770
5a51c92aae93dc4ffd3c67802e4ea8895b499925280a7a5720aa63940a11b659,7575238
c62960d6451a9e3febd06375a57fa94ef40f97ccf18c917f2c9954dd5c358589,7924446
5e4eaddfbd4d312e571d5b033ac23e639855d502822c7ba141b1c7dd5524ce91,5664393
607a5a97cc6e9504bda2019d8f45d014de66471db691c99d6fe91ab77513ac4b,5808748
d6c97bde28111f1c05195390fbd01d5a66a9763b157f4be8bfbf2b28ee6aac15,4358430
5b7b13a88b6cccf04c7e3b5e884a67fca34ff5fc818eb6cda35fee030fa9ccf2,1343363
b70c1fc3d3587c45eb1b7ddcf29368299142180e3c9e4b80bf3673f185c36c1b,2130271
abd208f843073ebb798a46d0b6ae211ac920459a2689107c8190a319da74ca5b,1070585
61f5c132bd8762b0a8e1d609e40f9ceb8e3293dc83fb63c9d0dadbf6f373cea4,2060457
5d2c9a3b85d3cf6b89b6e373bbc05e5758dd2d2c49418d56df3007ea80760188,9706949
f067671b2d9e2eb264f4400ce3c89ed0bc832be99b88c5bb0b0c26043c982a3f,4519355
5a43bf9ea29dc2e391991eb767e05a67d70e48e7165d30163e9ec5c21c78502d,6397585
ccf587845bebd746b7037b6727dc0055b3acc880d6665e1f919646148dff8649,6301516
ddf133818849dacd15e2c6eebbbf4f232dbb255f675d07f0d00d7615c0505edf,3063639
7de333abefa7a9cc2a0ddeba62f1602e0eefcb1bf13cc3a2f22aedf1127a5ac1,5500979
af85015bbf5ff6e400e79a4c04912ef5cd7e88c5f9da4737763d20ae5b2b5ae4,7308147
900e2e1fc30625e91c6e3a1af461ace62377e8304305726fdd06848e7d40d713,9175368
4f1e0dd36a0f297cdc6a3fa4bfb2ffdd9dcda09baca749cec6bdfa3f362c661c,9450692
884f85de93697ec1424e67a9ee1cdb938716141833f792503fe94fec280d707f,1194967
7a0ba3b8d220f803349b3a06e7d3b0f1d36e9eb847497d3c632648ae6f840eb7,8823637
a0902306b44dd54133a972e4b41c923717753f13646039717f70e6da5d32c0c6,3126772
8e1bb5c32313eaf15c9ffe9dbb4756c72b583ec8865b0a455f832d404e7ed14a,8136223
8578ee82f8ec82d199bc686d0e3c64346d0f0e3c5908bb54466d4a7ae9df30da,6308088
ed8dee6f50faf26bdf3b44b001b23cb835589cc2d1be64d4338d347a37d161a8,8722803
e7a0bad3ea24b9f40f9a40bcb579b7eb7a94a4c9c89bd9ba82d79f30d27e9d9a,6578509
bee6f47f19717c50ebd2526c62e0d6bec9de940209ffb97fdf7268957706791d,2986778
92f68daa6d2930f62f153a36fdf6cbfc9a26bfa0e9a83ac0bfc0f7a04e112c9a,4778500
fc2e2ee6ac2b76f1fc44bc190df07540c93fe7c0154bce80340984a5d44fa4dc,1986955
a68a9823618e720ec61f7a72b71e3a72ffeefb00b3345861c8a0d24059b1de94,6282551
3fc66863a8aa52859ac33ffc5018e8601befedfebe0d0219e58400526c79cc88,7394725
8f5584f1174728ff84cc99d1e75021d6a9312d1b3a1681d4dfdcfb291a7b5d7c,9079468
587b610f13811c4d90420c3b2868dafd0c9790d4541669b532396a2a1a1ca002,1402722
e1896611c38bf48e84cfd781484e16149de5716ef8a617ecb10ae3c5eebcff54,4210113
15b990096b9fbdf4ecc18056f7cef608eb57e516993ab2d5b2f66ea04d1550d7,6807351
452100a577d978dc43999022c899e2962459b41a85f464c4e4a38e1c044798fc,1410556
aef3123426951cf8af089136dea16e0c2944bab8d975cf4bec1d6dbea9e9dc58,9909077
8c4f9461f79b9f4426701d7df2551ac419630821133c8cc7d487358ce10109af,9469421
75770ae2851797633caa14acbd753ba689df779cea304492b6ce2d35eb57efe0,8491059
c8fa4bce7928ee324773c91ba6ddd6baff98ae145d4c3162cd95d4280d4df542,2560206
59481974a37bed55fec9fa153d1087ecfee5ebd0f333449f93ba27ccd159c16f,4367181
104d8ce2a45960105b368d482f57707bf8fea971382dd4016eff795507d76c9e,1340466
de17d41ea0ac009c63dff10f867786d809aca34391d35d6e20172547e730d44c,7249429
2fd142fba6f83800be442ed501e2868f1802548747d52c101f63086126308473,1559658
a96dc5a68963b3ba8b639c5a9c5bf8c67d8c0e0d103e78b0901c075a96e00ac6,7678221
1be8d267d8685d933b1f8c0544aaca6b7c07470e938b96a813ca8537c4971cc1,5434673
a44ed6c5b9655fc85db7bd28bb529f64c8da04db6cc5f5c4f136a2424dc598d5,8219632
17e70e21e667743ee6a79e023d19cf321b3e5890cbde574879dda6d336f49f1e,3698795
367c1caf84ad4479006afc22c2c9cddb88afeb069bfb2fe312d22391df4d05ae,1984086
745b077569f183ed3238a51f9c54895e75a88321b23b471d1fb160a0968cd2e3,1724748
30598059d07e4eabd80ca638db554c03a2a05051d7b9408e31b6e88577ab4729,4174942
6da1c85536d35b325b87477413f7335c72966a1572e763db9cc94bb7b4236f5b,3295863
0a95225653670e983464bde13a3063c3c0ecf670183112d753476647b5f2a679,9598094
3221c90cca74ff1d2c5fb6a3743d58e26020ad03fc4934a4d4152e4336bb746b,7329222
28806233acb21bd40602c8438b1b1d4a928eee6b758d81f42d62a8de00b1eccf,7433598
430bb0b0e2e6d96565774cca408883d840db4622307f354bd926c7a4d41eca2a,6577086
e126cca726dd9d7a84c49dabff5764285dddd61bbbd154cc514c15fa3389001e,8351040
575545eea3b2b475b7f9c9f7736a75d7da3af7acd46ef6c754abb04b7436f900,7624583
0bffbdb757cf9050d2b6732b86ebc7d22e0f95af541dd28ef644dbbf12a725a9,2442387
e9bd9a3f18373fef1dc382cc470e051b9cbd30c52a3a644a14c9a87e7c455879,7817653
612f4e00f768ca89dc342f11629c15cb594ec09c5979905318a57740a4be5b1f,1723432
1d1394bc31ad36f255d0831b513001e217a5c4c262794e2dd48ee9a7a7a21867,9333690
c74b4ae6bcd76f8d4b223349e8019a01d9749941e88bfe22d05c9d06d9a629f3,3152456
197c13d21b7822ec497ad5fcab0bb080c32f1a447bc740c106a43fd3b4e2be65,6996365
8b04169c86813e2510d2fe27cdf0c8db01bbeca3f54bde99f96cc7de34ae2b6f,3824758
1c0f3fdc2ffebabadcbf32321aed5baac9fc73f67f46633a8c9509f456b376fa,9413212
eb9a1a13c38bec300cac53490801918cfff8943c09a0f40bfcacede999b6985c,9016840
e5bf1e8f05b88267ac6969c6c7b11b14358c32a7acd67f74d6636300f8a8ad96,8833409
04f47b7559c58b6b70f785cd38138804aa3b89cb42dcd33c0aca353633c0c9e2,3942631
b7f640ef253971efcadf5b4dde37fdec47165be875dbe035435cd0989c4dc7ce,6708323
3d382277220e756f5983c0e394a273c61e33ebf72b4f6087a786e842e461b538,6005068
88832f2115988d06ee61a4746cfdd4a462ae56fc727a99e9bd1b1a834daeb6e4,9862135
802bf6cc1652faea84c5ecb2e029d67dab33114e0d327faaab76acab9b2f3973,7993173
70230c7856c858dbfa5211f75b0fdc220f149606b0d94ea928486406454a4d1f,5919625
7539752f145559fcec2c5d9d916f7aa06a514f05850b9de780c8560bfe1ca6b6,7298427
e58b8ae782b0a280484eb8965e6e2f3d79f3a9dc6f3df085f26a446cc7f737b8,1204902
84b8d7a081206f8b119ecc9c3c8b7979cc8b8334991db0f683e78e4e3adeccba,2672636
4e11675adb742cbac582a29622d43d105f5bafcd6bffd60757977c562f5a9913,8165643
db8ad7ff6ba7666a248e29590fb0f5f29a4df53c2d3f8301f64e4802aef9faee,2777259
dcbaf91a51b707eba74e47c42b7931ec1b562b50dcb97891e72747150a975185,5552379
89e446e129df3e6f651b059d066113c33316744c0b07d1609e22e79f658aa984,4924464
a384cbe1be5711ae7adf5019165c8e3212d2b2b7e9e23bef3712f7e39baf84b3,4682647
86644d34d98c4996c54120bf49ae9763b2cfd4baeea1f0a05c8a5a828b8f0a05,9155967
d1cc7571172927ee813de53b2c3a524b07a18951c790dee38030de1df6f59b3c,7719442
eae71182699821e6431af966b2a51403177af9748083db291b58cd24c1105b58,1560074
8f206718379602b2a43fa16107c5ff4fec30ab08425b2f96e3132a7a3481de03,7264673
1818d717b75909ef88501b7aa0859ea5f6e5f1986c2f749a6af9510252bff8d3,9511614
ee3435c06bc640d3d56a33362efdbce6818776d5b934d9e1918fd1976d48f9c9,8604522
22ce89552fb9196adfdf606e4da08fc41650321466d48631e9bac6474351ab96,6913800
70437ae931d4447bc2385bf2c9d762c565a94110983fa6b6da0d0e0a7ab29491,3277634
b32fafaaa311073ce25ad51bebaab33039bdda57bd55a12e672585afadad454a,9016744
17eb53214ddea5bcb408873b63446193b4f639f4287abaaec53baaccc8d20390,5892353
d0f715e81cf24616cbd545e0d68353e7c79d0b5c4fc94c0b80992fd4d1dfefa6,3517000
a71145943dc8446a17de5cbb09d2324a11facd925d6287b2aa5a790b362064b5,6981512
770017e8f47772280d35e0b2e27c08e354cff678f1294e8a1b6159d68f6f3694,2105974
e698373462c8e270ba45234fc2b58634653a37829e8982660dbb488280932383,1465217
9c53030fd05619618cabcf68b75ee061d24fcb1f9488203918dc0c8fb3862443,5944053
634029837007ca7620bef8bc4ad1c04c35be3eaf28646348789053d631991595,4785472
f178c08875e61ef6fcaace99202a7cd4e0b0b84845a731313924f21143c27bf7,8373690
9d3c927b3aba915101359dbd749c7c6504ecd9085240b873f9971c0421b78817,8363125
79b467e2e295aeb6b9669ed204703a74ca9b6472c8dc4012c7ff4d94e0c24a2a,5490763
db9bfede45fe93eb1e73fb3719df7b340eb87fcad1f3aa1bb11e2094ae967572,4249363
6910df296804ce19789dc0c7a75a8630dee18e58dd02821e24d7556b9839227c,2590400
bcae0baa8606e4844c06ac2caf98cd63de68d790ad8f5042cc1e1b330758e721,5097631
e46edfc9d7ca242b7a0cbf6c110aa6d31499f549c8a498dda1dc55e0babc8661,9326820
addc24095f42417978b70b952aeee01efd14d544b9de78c802a307f75568bcf3,2950457
d423b925f4fcbca8976c634eb60f1abd5c40c63fa98a5153e081c028e40dd54e,6812379
a8be48779ecd8ce214faf09d1a7e547ed590472463c0d3148b2f98eead987c66,7363682
4dce97e00e1da76c93f86a0fb2f062cf120a91bb1f931921330d239ea076ebd8,3836591
de0e968a148b81dd685bf381c811b9ef3762174a33452cd2f05d0c4a00599548,2629315
45ce49643310e4da0a4f6977a24a669ed6f0a0ef047072721b456c2c812f94c3,6964230
8cc588f38382e2fcdc0111d7fa47b09d920d57a6decb1f25b790056c144b3c7f,1338874
bdbe291b1d86ca6fed7c5dbd5906bcb4f9edfb3213a32fb7b2e6a513c5219208,9157495
c276f5805c2441428c6c847b1c3ba19a89e3b7874ec12bf8e3bfc2b345d46a67,1739831
8df9e4735893ba95470d18708736954bffd9bae7706b9622dd51b381c0d85a5a,4374049
ac727e6e38a2b4564fc44c2c1ca7e0dfc006ea85d3aa74c7a24d3e49e457e8ff,6804395
46cb687c3d7636330cca0449dc5c622d28c74a4088ce4baca934a91d54228204,8392428
b8d95536c98cbae91fef62a04f552f86efff8d6e5f4bfd5f80b9f9ba614d337f,5926555
58c17f77a2d081939b373f31a104fcd55120e751d205df5417ecd3791f0a78b9,6584528
9adff5b72196a32682519dafb810de29223fd8c798c48f48891844d02b71138c,6066072
5d6f0c7f60fe968275acea3b7a4eac78f200e962d453f81fa8dfb39b348a548b,9702135
4a7b5e47501ceeeb9a17d61800d3293a1d0e390e3aca7ebe78c700e8e579fbac,8674448
58698cca3bca9fad9cae3faa53e96ad134e72a9be787a7db61a82af372c0791b,6750162
1fa4cdea664264352f02f3ef71cd462c757478c17c1a53a4f2f0408c55bb1309,9194049
997c79930e9cc551d6377a6fc45d4e3a0c7de7b7d59abeb0d605d3342b081bcc,9948054
ba52007b192ff125fcfcd1d0b647a8b0cabc081af92f0409b8eb5d5705312284,9293050
46aec2c06d4d7150f264ae6694c4a0b331a06b72fde0cb4c731314ce88d8e716,9564642
223309677d270d94e7b284cc53ca9d7f87613dd48bcbfc45efcccaf66dc62e72,3180955
51abba6f650dbc43d7a29f84ec6bf2ccefc5379e4332f0991734eb43249164b1,8812374
4e6e2161a861459606c1daa301f6c15b7f491825533ef54b46b9a8f3cc8eae4e,4987995
8c58dc94a026c6db0e3a87c49cfc2f8220272e18b87f430c002c44f0bd40415d,4650538
3491feafe0255e7aaefbbc9fc2d51140b99392aabd85d5b5b9ea3a3e51a99a21,4783483
1721e5356261fce607d0cdc4d308925a58da43cc6af13b8a20fcfe53a7e69c95,1027406
031ce466e49ed4d20d6a0cdff4e28e869cb1f51207993aa162317e204a765646,2937105
1f34b24d77c48e07d5e5488bb8d09f53a208aa2d7bac929571cc4c4368eaacc1,9604159
358aeef4acd2333b31fe845cc1e6de2b941b5e1e0e8ac589ad8f275b0dfeec3c,5449097
69c9cdef70d35641e1a05de4891a540b234be764a3dfa8a60570815f6db42727,5471735
7f39d5504c4f3db921522605669f768687405fa8523a2410459a9650bef02816,2089787
91477eee130ab07f6743cad114cd7d7a1b3cc66191f5149d7087768c695482bc,5500258
4a2e6cc432a6e9c0ea93ef755786c8414565f89507cf40c1827356c3d42899ad,5325319
ba8f8e6c3e7c8b4df862b3c3fed6547c83beddbca57423c2f888130b0e293017,5299354
e486dcf4acac480834812013b174797c4727184309374f4c4a4a700f6368a5a6,9425071
92f0a60a3f25a62a42f4018d572faab840b79255aa0824a41ada8e091fce50b9,6944696
ff103b86d9b97574d429701b3c5405a4d8d4884def1e7228f8e0e4a5b90ef942,8287567
ed55d1ed2f1c203b987589f748397f6aebeea0be81b232590b37439c2256f66f,5608272
9e50ee972a572ed52b54cc80961610b68b3e260cad30f369521b6c722485c93d,5916567
c769f7abd54f2d7566fd0aa935d955a970e2b35d910e200011dfb1a363a9dfe7,8076432
6240802fc85324dacf979a17c40205172ca1b95db656ea685c860e02b89050b4,3125398
12814cf5e80150b2fc6d74c915d20345e170c8d244c2ccd7c75766d910895391,3442870
1796bc43edb89cc19a3a029c4b0d5d94a4533f9e69e46944e70cf7153f9d04b2,8650675
2b5c5c5b471243560d65e3ec62df3fc3a559ad7fe22ca7bb9248d53cdd4cca52,1851787
36aaa9194b875c2f0245986cc9dac1d4c93dc833c3fed3730637e887c941df96,9848364
b97c14031fc4e60022e27e5a61999b4051c8ee9de509cc6ad7f4ace6f572bed8,3697796
608925d212bcf680de99ebd905bb8e41d37c9856f70f32c1f2b4364e1f2d7d1a,6685675
ca803e28f4be3100d91225e252c0c577cb65afd4afc7349a3b96ada2c3543551,7619691
40a4eb6bf6c3d6469cee54eb4f2690ea0d30ccc028f57d3565f3a776d9e411d4,4110589
25669ef4be871e4c38f35a9f63309d9a9e1234976176fe13a9b225c33169f018,6429260
2e4ce3ff3a447e0fb98c2314397dcebc5dcbb717493f8aa6dfa4a866c7eac41b,6988804
a322d3667cd729f6176d6b4f572635a0054398e7f712a1002dcbe32190376822,3660822
97fffa0b01e0990eed23cb028cd0c9673a3ce98206dfc6b5de3cfc3da232c059,7282018
e208cdb9783ddffe5650d615c001b75b406958e5db6a30174589413f07e10ca8,3762738
e85475c59bbaf3efb44cc73b8e99fe723765afe4f6333d082d7160dc3634060b,4656550
6ec03ebeee405a9c5ed57be4ad5edcd5d9667f8ea88bf69079df5262f1dfa02a,7581441
8cc26e593a29efa14b70276ed41665d8f293a678de9ce7248f127e9e93fe0eaf,5497092
f8838a5e750b9f4611d48fa129c6a13f0236e0cc49ad1aff200000948ea4ef5b,2146438
50ee34d3b2d8a8406fa6bf8bfda8db6204b9d291a95adb6c9dcef50c0b2036fe,4631468
604a5e400bec6173bdbb0ea5163f632ad74b697c96a28cca8a8705f63b219159,8686292
bc6aae4d6600d0f0afe0590f21df22a1c5576cee537519a35044f5c9a79d3f67,5111471
e542dc92b5110d0fc0272c291218eea9be851a737ea3f87c83b573cb35d6c43a,5189419
d3ff670b7697e7b8f565bd771090c90ceef8950f0c93fefe94559ec9661cc9da,8716824
057eb6299f0a3bc6fda0a2b36e426846b30ec4c1b48af493fd1e15178c9065c1,4660493
08c5efe7b06a237b53128e9cf134881a50e25543c82d58b37831f4ea74e1b04c,3123285
13b4d8056209f37d6f363549d27b003a2bbd01c3267654c64ac756e2bcbbedab,8765295
fcbfb25f58eb3a7348d5a17d1691f3a97f842e1f36e5d6e9be75ea0872d3c705,2132372
d5424ddafb2c0166541477cc0eb5a5e40f788683bbc7ab1a8b687251ed928435,6798738
9c7e5a971ffe6892af9015634db0720bb733d0fb41478cd55b248bde49445957,8112909
562501d503031e482dbd30651da0bb3bd54828ef716171c3b52c735b7697f614,9218662
8eed4efcdda431f604e00582ac88b2cdcec5fe7236f43f9d81327dfc2497982d,2229715
e5227a535ed91abe1b615921a7fcd4b281500d6df85705c52c248262efa3f505,2860307
9081a014d70c5ad90b81703620f64cb90dafbfe9625b5ab177843062dc153420,8946511
36d909c8b80285f040acc8cfeab14ed47491a84fc643ecb1cbf0e69e19fae9f9,4301326
21ad73a4682e22cb0074704cb706e045bd924125d8c8c9c6f6a5a35c94c99d39,5035240
a791249d6e36a5659acfdca7dc5b591f91067f16d1486dcbf951f51542aeee07,2251780
0722764019bc14b71afc4ce8655a589787a6fdd2cfa87584b2538a3bd5d40b81,3349114
857ab975b1d6775d1ce97baf30b649d31b34842bd1b83648eb544578d028e595,3017300
4946b6142367c302b660022d6d4ab28f563cb1c4c0abf89c0c586d957a62dd05,4298158
4a755f4204bf874f954e011f32c01aa0daa8ff5825ff9a5a705f02910bfc91ee,7532381
978e8152bd3b0773258baef04528e90507dff917985fb090dc2cc0d1cc8e881d,1355663
1718212e00ce7b6ae5d5d7ba2e1979dc22f505fa395cc407d2109ec7d253e52a,3634427
a6faf8802439f8cfa3d48c33b313ddbab31d26ec2b45c446c29ddc50539eac2a,5984147
66b6afd2b6e7ea60349c1e67c793c0cb0b91cb1e9e356412faec0d356c086ca8,2112030
87033b8505b8cb08f552a215353201232e9a333aed5c8c8864ef2424f40331fb,3910986
24ecc611daa08b0c77bbe99227548dc32ca41c7002f143653fab2318e619eb23,8544822
2e8b7071fea2adaff37ded4598883b8a3a73a36e1fbb47ef2e6d2ea34c6599b5,6258322
6eefabb8ca908442be522246fb223c703816f6b873a7af8854a0d903b67a1cde,9551982
9cb7ec8d8c6086fcb87247918f41ab7dc530c7025beb6ce3c4098638d00e3d63,5947118
2c8908d271ca79f0c9b1de6c9935f36f767f665ebdff5a654faba2f14cb56f5b,8531034
091abfa358e1062d26cce5c9ceb2243fbdf887251317da039b1f3ddb0f5c49d3,9840340
707325c4bb1b2feec80b654e379618e0887698b50b5791b5bfe3592827fbe82a,3634017
096332f2fe0a9bcea426c8b3c96139f3b72ab8b1c4b271c8ce7ffea6e47e25d3,3128875
5bc575bc3ba7f6d2dce070892667bf1099b4c0cff167110584e8070e67669b1c,2630442
449cb84cb8dbd8b1c98bf24426a41cac47dffa1deef0ef8642130d87ee408d84,3332349
e94d1dab4b95af18b523c5d07bb1d01c7990483b283b27a64ec1fca8a5fed863,9867596
7d68d52a0e95d329c31822c5d88daa4bdd6c99150bc8fe78e96b895c323122fd,9531049
45ffb058cfc444354c68495f48312133189349f8f9a4b102415eb53590b8e33e,2458446
a77b7832ae883764ff2dbbdb2ce332f1f8c82e538af00d166d5cefbfcecc69dc,9282248
22fc6e1f6a212b01ef9a6a6ae45b02bfa085714c4ca3992ae18edf88992bab35,5515781
2e9184ff5ed02d5232bfee8951deaf145c3a0076b7618ad9e4e0b1f2ac64bd78,1677629
d828c14f1ef4fd3e5bc0d4fa03d7651c56ab91d5e8028abe1693c3fcc70a1d4b,7048655
dd8fbc439f86b190fa566a4cac9563c1179efa9587d52660720b0ac1c67a36a7,8163254
4544dd9c7461f750c870ced2521b4a2ab5677e46d001033adad54378cc27caf9,5743984
8ea921baf6756d9b61765097e258bfd1ce189a51ed3b532c8c1b84dc1103eb8c,1746212
98c2195bf213dd008839c116ab3b37f294891e36607edacc39b0049dbd91dd13,8962091
02d475d946c2217de4ddc6223fea70f931f2a2ccc5bfbe50a7e00afdca211d15,6983666
a952068cef54893678bc56f6fb8199a50ffef14ba17d60c45ffe96c0a2f325f4,9301107
eeda58e8c5fe0724e7e3cbafde339d3cb5ed085a6a675e8899d866be16f1f87b,6410122
38b7b0d10d138f60b0058e06c78077c6870e6ca561ce5a0b92265f55f35b71f4,8284219
cdf8acb7adc167bf3ef64bd0964dd3e5f4d1195ef6d46a0dedd676cf467f4799,2493141
5c26f3f92efb89a64f68c9b81b4913a4a7899c40abc132b23fc3d45fe1ac9b1e,2303656
7a3f7cc815b06f14dee9b8820d0cb4ac42fb42045f401cc7e5e6c81ac6d5b08b,2718966
bd41d7b0d81b617065fbfeca8892aabf1b346c2b4afddf90f23064cc813e90e5,3791255
f57114ffebc6133ed0ae5152e8be6dd103d569988fb5674e45757be3c937e8d2,6405959
b2083f78c14dafd97e947c01d95a5e01d257da0d10c722762a020f3292dc5373,4529984
f0002a776ba6cf3cc1890985fb0eb38f32c6e8d79b3a77093bd3caaaeab2d8f6,4387667
0a0bb6ac7118a5f6a4b66a1ce87feabda0ec411eb422cd249086fa27e0196658,4764000
a79548ce9bb24f00a6fb91a0fc3b67dfef0f24fc43b323cf15080c7b7fea96b6,3865358
c546df909f289a2916773ccc3458c5ab1e086ae4ee527273a88400e85af61a11,2488349
233afe689b87758605cd26cee576280f461f4fe26ac807d4ad63e23788a40856,3149632
914a963b60dcb10cf3b1afcff9076ad68fb0c3d9b5c07ecd1bfa42094b5d608f,1979765
9203f9681fe8a45d62bfdd565d9eec220895c39ed90b284f6af110aa019b6045,3808935
c46d06e36b54bd6f3f1909bf60d0e2890eaad7124921b02aec84dfec756a3709,6595318
21a1aff05ecda4c432557513f9f7622ce08ca074670b260769683a4d385dffa2,5580610
17b683ac1c3f264e37cb2c784bc72a5504be2c4a8a97e669e061b2c37a934f63,5282485
8681255b18f72894fff41c31f341ab50bc06bd40ce73517f8e700864f4f4cf89,6288777
672f495d37022ded5412c80bb19951c26e5c7a98efab3b6589c1793922543419,2117994
a29d4e3f748ddd95e0002338ee4f4e65b423d6bd97967c7976dcd8a1677b37a1,8304573
76e749fb41eb86c3510f3b87af9cecaf1c504fa9d82e187d929223dfacaca1bb,8472838
b35bb3ed2eae8d9a7d4841604e5ff4272fcc22942151e654ab252992527dd957,7356064
385db8fa1e9e8537b742bb2a57a108b5ef8b0dd7cbb5553ae9741224976bbdb3,9578333
16932faf6623f742e936a21ebc548bdef3885da1dbd3f1e4ff46f1e0242ef4c0,2388350
ab9b33349cbb9e3a9400a3f219c837cea8f885472115579f878140db4c69359b,6827043
2314cfb7ce14b4c80ed5cf544ab6b81d20f488ec7143ac5264bfb5921f5ef1c2,9567318
7f5270a992bc6dd41afe59d5f07f34ecd3f5aa0759892e9a85f1fc9ee8f5bbfd,4943176
70ca171497ff74f89eb3c41d5624659f2981c5b0e70597f9450cba406f4946e5,5593045
44c957b81713531777ad8e108916fe2b16db97a94474bd8452f0f81a7a86e22c,9892889
fdd56cb0d99052a6ff3ac8a8b159930476ec954630d8c097eba8e2be560b35aa,4864888
93ae5e9e30bb25e74668e92e8c96a4a0494afde1fb747b3289f630f989879c46,5171890
50024d0709620644dea693da836da7a4eda151c64c4458d47796072918101005,6608113
2d94ee6e7f85e50baac5af44e79a92592c64fa2cbe945a2e192684290edb8f03,8268822
584a1d8b723d7bd760c47d6d8721bba6f74eff6cf074eedb15d016ee504605d4,8404852
3593fa3c51172b3b8c65c6f278e224c4d5c2aa06dd2c227dbc0c83da3a3d2bac,2405581
29fe654bffba1a4371962dd3be47940da7705831479cdedade2649add4198320,7407094
ba41a252cbac5a69716841a0b62f2ee28edd52d1a23944d68dbd0594f1e300ed,3708588
368f944eecb847597699370bbcf9460d6e9e5f493e40a7930abe635b45c2725c,8616703
2fedd233b6a8094e7d980ccfc8500f3e3b4b554787db883daebf32afefbfeb24,6053229
f0757761f6c2cd03d4dad3abc5e9deda954eab2a265ec687a333cdf98a1b99eb,8001015
a19e985158440b2b035f2e94177a2549fc01e11401d2eec264374f7c3f717718,9723098
581703c8e24a753db3c119ce493d4c0644461c14efdd924dbdb80b12dfb025f0,3478304
0281d81670d7e02309cf4ebc169a45a247be4ea4781bb07807687434e3c5d47f,8324342
2c78aa314235c5f6249d8c11e89cc58bd0926e9aa608ca03b9e39d9054d872fc,1324563
aee412a0280322e1d34065768ed0fcc93d298f7b17317c4d19f50727c3746afa,8319453
adc2ecf244083f13a6907a272dfc7290ee1a0417a2f906950ef66e49da34dcde,3330116
4ac8439dac3471d5c587526be1f93e52f2197361b10b177eb931fcd6347232f3,7675143
8e7dfcccf55f2020e468863aabb736dd169d984333b3635bdac61bb3a12e8183,6429057
fedd08f8a2fcfb2a5198a028734dbae5f2fee4d5d3031bca7c58547d332e50eb,4946686
b8b8da230eab36fb60124c4b4ddc64b8989b2bf62c428c2c67ce23053cb5fe82,4021479
a39e25992a40a6700b26009faf5422529106cf487841096db78d5f78e958fab7,3057096
45b6c975bfca34af21295abdb7c1fa4ece3ca1b1cdc72485b217c4f00676bafd,5170770
befa525a73483cc2a645386ada31e1dbf6e1cff356ff3ce16708c012f1665a4f,5314623
03a02515d894974806ae4fc01a519ac6ab19fdc514b952d33cf79f60ba12310a,4694923
6952ac209b5368e9aa952ba5710e86ea8776a32b89134e5c17b0faf09a4de304,2803013
dca9a45c81ccfe27b5e6b964cf9d8d582d6b4d314f5f7143a4801c9a91959e5d,5736969
e75744c4cab32048768500ef4f10baed31a77e685527cbb562150570ed5b2c9a,2058487
1a1c6b7ee4880c740866a13db7f7233c4f72e500eded7519982a3ab5d048ddcc,5682577
0e075cf4985e91625ddf1e044efdf9bac25a66e87c7c75609d2f9996be7510ae,8518482
ec6277a0babc2290c7fdb0f9bf2c8e576d40e60a78732ce815d60ce6fa83bea0,5307166
46ecf548267b3b4dfbf789208ae7d9af2ca2e4c99cf62360dd18c0e8a7ef24df,8552595
b5000ea68ead30c02da4bb24028aa60e116927c5aeca6bca52be2bc7b47d1994,9966265
2f232d2cdec8f1a15fd610c8684b0f3d11e1bc7277bba12ee7ae60194372c268,7488848
3fe9cfcbfb78bc25f82f90dcdf0a196ddf568dce6f493078dd20e417ac32386d,8725933
0168da4f7ea6299a101e6b7f0af90482fe94f6cd6e018b3271eedc3d1d3eb2af,7188938
6e073f7ba24194834dc3226f7977f493802b8fe89c51917d147a7084033ed39d,6533569
ca0fabcb5b581316467a040fdce139d9ae7fd7e93656d826e0bc05c7d935dbe7,6757619
355b2a1f8f3792d84b0ec890fa9494b8b7790148c4e96679b5b3669d82f17d0d,4816373
27cc29c22768266f17f20e7df0f446a78798d6402a94e2e1e9f0b270b38b64c2,9082044
45d74f9f1bec9ba29ac66f140472451dd35c82d9cdade0ed30e9864817a8c88d,7984142
f0ec25ff1ea5f57a6f191c02c9228274002a44ab4e3838cb4ef79c08f83a54a3,3958793
5b5c95e20a2303527ffedf74e4a4935d99bf979fa517f98f4244eaeacb520f77,8444167
1ab279c14c92056f2113fe09eee4aaa0d5ff0d8735baf334845d964a115e9518,5982997
73ac0af1f04321c9e770a4ca24f215b44b391358fbc87cc0db56c002b0d618e8,8085906
7c576253f4a9a18898d27e98e89b25ee13c4462b1386712ad385983b57217d36,6405649
c9d07439c27de9c0fbc1fd01c437428cc9abd03cd364299b8de3e8068b4681f8,8871869
31fb25a45c513c106559be782c1d745dc6cf1f59717f2e06c715c16c46b17842,9545675
4ce9d28b2512b594122324d580904298c4dd960be5146f45101e86766e732526,9839627
85e96771c50deb812c469008fa5cba9094aa8733945f5694c2e49351d7804fea,9785000
67f4cb4f92203a3452e1424a9da35645f90c56c517782350f9fd26c5113dec69,8090262
384e358139e45b3ec4b8ec25067ab15d3761d2c46b54bb1d94c63410f544e957,6040049
b103b988b28ea8815a35ebd3a2db2629d91315f0d6374d905acc0c633e645a2f,3288941
e8dab3064f2b33d2ab4585244d2993ae3a7540c298c3f6c6afb81398206d2815,9753720
641d65e8ab319dab70ab38ad21869b994e45d86411c36c40e4b1ec65b6019eb1,2024213
a87c6cdae30a5d877326e3db2833dcd7f8518c6fdf9240fa5910cc58f8b9a538,8588246
ac0e83af2be6f82e98e23a6f1304b39363862bffde26e283171d5b4ab251fc8b,4161573
63c0330035f2482c359ce35d7b9b3db170ca335a14ca399fcfb13cfe8ed1b071,8712192
2a786e49eb6fbb7e559e11b58ee75371d3a44c080efe3cdce7dcc34c2a15a13c,1291716
4d180374ece945f66b790dcef13a7423f701473a38e3f5c3d280656df2d96fc2,3094868
bd3554f0fd14ae4655a006f822098b8fa67f7d38b4051b7f44e88348c4617580,1076447
805020cb253fc8e3988ecde6d8662a3064f140f44fde36a98163422b59633c9f,4402810
a94984d1e228bb141bdce2cce94f31dc490483f3713f9116a00dea34b1bc61af,7352004
7552566f6c15f503f81baff317bf7f8c61d5875fa6e0046ec1ff429ce667f8f9,1307817
78821c9385b6e65aefad0724a24b6a6b8805207329321310cb91de06a330d97b,4944848
275ff684175f3a48f5ed1bd228daebca075435cb811653b3614cd622d782235d,6172819
6d4d3ab52484aaad36ce21c2237ef23d324a07dc0611a544bc255cd345f28962,6031339
b606e5507d1c8836237d246bfc91b49b84625467b329d90d848f47da45369bc9,7645023
4b05b71af31f8c2c5de8bb4316afbf48adfb691f8f2e148c32789acac0e42cf0,8920864
26f2af51c697fc8c9f58ccfc90474a239236ab98c50225c2388e44f836649771,8391472
055327c8fd572203629084803e157e048b4b7b05213d71786170b6366482e730,2983277
62c355a4eb5792315a4419d1076ebc66aef5a08adc7037c133534ca0a0c89fc0,9570777
315118acf817bc98f3c80c8a68d132590bca367ee22cfa9ad380690832ba4b17,2993392
a3ccf780f6563ce377b6e3edd8df275f3168055b412a2fe887d5c77de80b1931,9684762
9a198f9ef04717de7c02ad34c0c7ed2ea2454f401b70a2e244cac1786cc0fc71,7277147
2f062b4116faa15f1449952072a52cce89d07c4f1ecd2d4787825576367ca273,5816362
82b7be43027383517a4739b19f59614cf1f656459c90a63872efc01da43343fd,8201158
56dcdae811a38e18b41bcb1fd23385337d061e1e2b9a69a88af4efdbf4900024,5956436
1d8974edf834c3305dbc8ceab9b070190a75cc0eb1db31461b78868f30c5b9d5,9535966
c5a6492a0a02f2ade39cc9baeee2dbe4f5c8be2d45f26407757d7f3d2c06ae44,5800334
cde25f1e8e7a3f26df597a9da46d5a7dd3bcccee90fbcc130445f604745de093,4177742
096f97efb2e757f0566ea8b8aaef1c59fc292b06b8e5b23b7fe5e76c972341cb,6920943
2142e2331b79437dd291b6b57fda873665d0daca2280b3332f670296a4f7a99e,1549716
3f69841d568422a63185a1216f074f0d0a5ad6cbff5fc3fd25f0b8e12b4b2b93,7888581
62d3689b281d44c15ade7d1ec05c0acc56e3e1ecd50e2f6bd61766dee77d53fb,1514897
f91488688d90d9869081e3c374e4bba3ef1763a7e0373884bd91143a75d21465,7128621
842e84ab27d32c7eb5d445d19bde19a1428ae3d97ac106b37c6d81b9d794cb96,6609449
9bc93c03a7320a580d84119fb5a08bbbfacbed45e743d5de42190b92a2e56259,4308678
9e122b6947b7f2a8df53b59dd19d20a88becdd1519889443f707218a81c8c518,1699970
fd2ecff9c9539d88121e08bcae6b7407dfb5040a29ed6b6fdc78b216ed278ae6,2872839
fde8631f71f4b16cb82d3faf69aa930c40922331b4fb0acabb33522fe23d2bff,7050200
3a4d5b300bc5679b4a9e7e15753b14528362092bbd86e4d8b69260da070f034e,1426068
630547d392a11ef7f281985454b9003199e87cc8a635a1379e3c7cc437e0b727,4129347
cb58165b9087a4fdee5ec4055db397f8d444c9323cafd9ba25fa0ca3e7de9c0c,9763134
d03c35b6d087406a055549dd331ad77b98f90211b2e32ba65282b8048e108b00,1702467
aa2b43da393b22087276691f4fe1a1d23eedb13e770c9c0754f5a3d4cf2f4adf,1252597
e3c7b333c55a82538fa4dc87172b7323f1f4748e1e76c6f5ada9b3be51ab89fa,2744410
00608279bea1cde7b100bf9dbe587cb731e8cb7353668bdbb79a2bf81905d95a,3056064
1f5f2e3065293249d939d731a83ecb537f8776402215a4755653b757c31dfe94,6161856
2bd1ff6e25b0113cef84b8ec2b955b6dc8dd5ae363e6840e25f8d91e2b6748ab,4971781
07de6bc55980981c5cf531490a03303441598cdbb5b976136a64f5a8b4b31503,9789545
5af9fab07a369016a78944d74257f756b4aa25ad0c90706a76824b70830091ec,2254864
5fbd452408090b1f87bc4c7b26f2d46cc600b4f15ac1adcf296ffdb59d79a2ea,9800593
d800b478cc95ad123f77c4681cab8958cb44c06245b474ffa7be02bf72410ca0,2426600
6c3edfaadb35d3f397b4958541665f20390873db01acb6fac0f0ce028ae1254f,8632167
4e10e50ce4ca9d03069420992960945117f2db46e71053f750ba6de1612c7820,5308946
3c418b238ae8832e3a6e436de860f114758a7e0bf28027582f8a4a4d18d3d73e,5567759
e0abadb3fd1b19d2369d5b2dce4f256b5e46883cc40dc18fd9f4ee77a6fde379,7554963
998033b217821dcb9da042fa1df6e007af8c5ec6bd0cebbee16a35dd04150b2b,9606610
b04e7bb73b3662a17ecd33a8743b224d2fcb870d25922c9a20fb39f48e05d114,2063419
ca97504114e310f1fd5f44363565d441b84410fa09bd5c2c3503ee9a9c9bed6d,4718920
7e51d320bf45e51a91dd79458bbd205f99ec9774c9a75ebf67fed6a2add6cbfa,7991905
f6d9c3167fce01f716e25f382291bb14ba79c342db0aac668d1811836507d47f,5222603
3baf97497ba9d888e306624f9ec70cbb1e47dba8219deb13f632e4cbc9b11e1a,3852561
508695e543f9cc736613d006f1ca5223a8191ff35d4f149bd3e2efe3a69ba829,1823116
02ed5b82328a9d431d41202894a8b9623c4354ab930011b034579934236d7ff5,1435205
eb6f8a14650cf4eb10c4679ce88675d81b0aa8a439c8f0f1b075a6069e5472bb,6143552
0f4df9d13de025ddf832832934125319bd0730a1ff3a30e0b500ee37a0ff5819,6713886
3c5f9d589f76b0180add8ff40a9f34675440fafa9c8b61b99d91d3013f4ef354,1610606
07e3285d44e6d36c3c81bec2e268c9974827e761e4968ab82e08f32387421064,3150801
b2891fca42a80560523648c4301975c3ae2e958d69bcfde4d1ac9503435de41d,4212086
e764be24da50798779544c953a3c8facee7d858339f1fcc13cef66587be4a787,8056616
b04780a8ad38e38dc06f7d422b1059d1a5fd33a7c5529fa1fc36e5a228cfc8bc,1766331
d6be579f7aaf02ac4c5fa82a9d768a044ea94fbe7fe487365d0e16a32b51e0e3,7568709
9b3f1580d2bea060dcf60da75c05817b7b48051992ce40c8c8ac0af2da0ea674,3453985
08c74bc34faa64745ddf7b4922d9c736613bc62f450197eddf25fcee09a0b237,8389449
f9834ca4005f2377193303508a266a8432921be81a208ae209f51742d36260c6,1751481
ce0deff085570a3667f565012330e0bd4fc474ecae3129ea30dd5fcdf4a73991,1557730
bb0ba3e0ab5846388ed22e4f6dc089e9521e0d434105212bc5209b1185463aa6,5337522
db032f27e1393c26f159d94962f9f7def4c12b61413260b61963f86673492a3a,4331492
bf7e25cf4b7816590c547f40976f07fa12a921f099ca5bbff259331741b1dc78,3347430
24f2b411bab57859d790bbf42d464a46a30e7fbd3e0950064d80d73b9e57944a,3365067
3fe0a81a9398097daa3b844f096b1406250f184617816cf851dc6f1a5e724981,2179281
720549d54f09159b2614e1b46d4f9a344a0a12b20f91da6d2a853cb465c1dbab,6962538
cd11c268a97e6f3566a042ad533edf3147625915bd5d6ed238322983d166c959,3211215
aefa1249788fa6c254b14f2d47f6e71e8d21c8772193a74017302fa31d1c5e9d,4815662
25069fcfdb8422334e08366ef32adce3bcc5bddc239810d4ffbc582c4ca3dfec,8302382
3a9045ca1db57954af0712b8c9468c4a53e577d789d597d1fd222e26eaf5c140,8063670
255f676111d70be4d425932a19bba9d466b60e0e85c34112a062821b476f9d2c,8694153
0222a5e02755ad8ad41cd9ccd5689a5dc7b237a547887117a9749c66657e62e5,7476089
753507377ead6a729268e5cd6e1f40ce2044c6e8ddebc72c1f9072a457a38c4e,5953077
aa64ff2658d32005fbe6a3f663320d78a4fef043d7220f515b4b39bcca71b5b7,7904489
e55fcf958fdb008edea19c6de33d28d84c122eafa36f4d5bed412067c71ac3fb,6007775
f631c92be035a3f9e230540e8b6cf2b7fad72db1a1eabc02b83ffdd4ff75fbc5,3589598
716263edf7852e5a0bd07ce524a742d24da2a28f787086e1b6e22dbb910f6a0f,9645810
194ff2a885d35932e147fb53adc276a240c3009e18f6341c4c14ae51c4048ed0,5265839
79ce7e5ee423ef78cbb74ad354d97cf8372dbcb908ff6e1d648e613bc2422ea2,8265007
c171ad9cf50fa1c99e205be7c8ffa08150d5e818bf9993de2db2050557bb26e3,6209236
52f497961d7ed641401f1f604bb49e256315b13e8e64199823719d10aff7135e,3988592
80ea65f75fd90fbd397edbe3ec5d733f518a69a839771c7161355be28c8730ed,9509609
ee3c80317818d407798b8c115f9b6ce074782d37fec21bfffe96120b45394a75,1426356
96dbc86eaee939d51e915c825b151b256dc5cdd12f1bbd8c590364fbd71fe305,8742856
676c2549d21be15331437f5e53cf78184743b958a7a186b80afc402dc536f0e0,7737103
d6d5caf95ed12ea80be399dcc65c1f7df8b413685028f538488e6ed48c32048c,1949032
c40da2586494b68238006865a177ed4a4a233c446e1afcfdcac3d2a99aeaad86,3502862
5ecb6ecdac56ae45c62730c83f30ed49b33563df1379a671ab976bfbae9ad07c,3990126
13b8165dbcdc872ab026ce81d3f53174a73398e3010f3b2c83c809edc527cb4c,4538171
f3f9bfec1601db81b5aeb61ffe0026f5855b077141df7b834c9535a6220ca0bb,2799763
f7856fb2d58bc5c282970da0cb9b1def2417a1ea458f72cf0d45753f83461301,2505781
d1a1db65764c3a274f1c0307613cc0ceba7c2e64440d71efdd297165502540d6,7209187
3e50acb5e37a4f9bac9a340699697f9dbac2d368d3d4ec4f8f95af65a3f5e1a6,8278211
db08560374069005009d2c53945f47d30cc3e27f2096675c1c2f2aa35d7c5814,4452006
82a53d579d9b04a1108d974db977a3dbe062c6257d3bd9850d52af85fe33d4cd,9856671
ba2f0e7a4f2f32df65f96c9b87876f0c6e34712d371f97fcf78fd597e3899d05,4934120
63d0c36f977f45b1a15c88e2624f79951a6dd2b2d1f2aa9dd95aaed51c4cabea,1753618
851fc5dfbef3aa9854bc8c2997cae67b2cee32af8781807ccbdc9f393d86f577,1327925
ae526c558867eeed06c44b3098c4de95dccb4c762234f816c650dff54322a057,8982960
fed7d80e6529de2a1ac78cdc86938084a0e22cd1f14164079956b720ae266afc,8487417
aff7fe2d883ae3fad995b8eb532729bac44a48356b956f8e8df0622677433d8a,6027430
3ec3fe16c07c54681c713220dee2f12f5b0f422d82fde7104547515c2599da81,5018668
cf35eace2407614e395521a6f7fcc2f907b126ea7aa1a3e284d3973c1671e2ad,4671259
d725fcf6b867d0d47abf9438088ed5b7d56198f9938ebbf23411c081cf5cfb7b,9119842
25b0d640b465b07c61b352db862983ad5c081f8a0d41e470fad2718a716cb1fc,3110311
0db511ac62c7e8815361c95a43b462e5972ee3107a81948eb5565ddf651f9194,7344313
e147de6cc1d9349a9816bfca96fb3dd68ceefcf0da560dc23876dca5348e9a19,7049437
6b9e5e1bde95699f3256fbb6b1aaabae159f445e3e1b9aabb4a86507ccab7f85,2974595
98a39b821145cffef240c2a57a03f58c3a94a1617f10f3795f033227c0e72563,3105687
1f0b11aa19450b57ab147b6a249bf1160c9b5821ac8c928a194ace1f20915fa8,6965499
f76cce6f0d8f834b7dfd6d06fb8748209eaa5d308f275d47140df5c6789f94d7,4972339
6f03146b325a2e90eeab278f51ef59b9e8208f6dc851e444820e4fdc77052a2d,2643388
401effeb1d24085157c6d88e9c64dc8ca4f4729d270779496ec0a219b1d7aa97,1200721
9be3981674cc5d4d66b514162aa0cb671e1bad08f89a9ff43cee4d210b749955,2854901
9550893a655ae71632df581ee1c07d77afcedce83ebc545b73ba951d3cdad40e,3896313
4f58c282dd31541144e4d145d31473a4a0bcfca34694f4c5712aa0d81559f54a,9814312
d365fdf67fcf31139146d09f553b8a2afbe1cdd3529384a1ed1033921b5d7a8c,4170615
79b2f55d8097b905aa17aec6e67d46d8c16546b2d819cf3b0aa73620d1934198,2276431
67e41325654db0b3f591c84cc5422a9c0af4e38c3a7c77c144d52120edb9f704,5562628
f0e29dc2fc96ff8d43dd5dfa993753d934f5318b5d768db4bc632e3d8b3e6f7d,2346921
a5429ef6436bdf88b2f9d1d524aeafff6bd103e8579ebb84a13a653ae7ca73b6,6062428
e79a3c94b46849e1d0fff3699177914c5528efa03f97e7c6cdee89442c9380a2,2854657
bc241e7a28801d215635cfb67a16bb3b3a75ef26c7f5dfeb3ddad3044586d07c,9767720
b04e96368d614ad8bdaa750ab54a49494f5557162c0e2a96e159a237b1446504,9701658
8365cf2fe8b301fe7eaa329bae99711c9f1f01b135dceae9c444aff9c073d4ef,3533399
a0793a45975aff073b5e77a36fd33900327bbe5c89ee1917a85abcb667a994a8,6231665
779750deced51f69471696d42c1a277a381c89dee853a520ca41cbf1c3e8d6a8,1162073
18f2a92b373bab3ca06990250c1c613bcec648b2b66c9756ce5b91835f265c4e,5995235
dd9949a9abfab256a123e34c14e6b066e685f1ad4050d12490845121274d2528,1611404
083aa30d9a354d156aa894a9483b98b56e775c869677e9c1b96459e097f3d94b,9901858
59f597a8d1ec2dafa1eb9f4ed224c2678d567245b3934b1703d1096cdbecdb13,5856082
80fd6dbdee1f954734496d7feefb97d233d97ad5dba1f61ccd678e46b9ff5f19,7278393
62b6cf1c9019fc7f0ae66f2ae98ef5be4c45c45f52f2efd5b05c85a64394fe8a,5820830
ffe7cf656db7dc9069a2d5ec8a4eb19e8c20cfe84fb378dedad5da7c899ac116,1455462
3811a4537f4e08597cec0994eaa0ae094a79573b83a954e5b160e142f2ff357b,1457765
07e05a75cc453b61a2dcc2c9a93671e95db1cfd34bf592d39b6c42acad9bdf30,2911234
8ae2d25b7c4a6cdedf36a4b980412d64789b216e6cd5dbfc1941ceeb0837745d,1373148
ef867c84dd21baaf8bfc13d4f82b97b0217eec5ebcdd132288f6085407438bd4,1484990
df86fa821437b0b95d60cdd8d016b024cda956c0b58b24eb8b89613a2a3c40a9,7888407
38ef5e5be9502e89b532e6df6cbacafe458e316bc201263f16027829b2c85bb4,6021722
b809872b630a5b8f66b255c870b4c39f1ad5f540d6f56f2905b8e39e25681c84,2130655
ca5b11a9e7226ac6cc2d4cab70cf8ab038bb296ece7ac7fa00051f03a098537e,3441782
94ea871e9762a81013325dc21c23c749790be089542d08fd1dc5e7735eda37dd,2478882
15de32e8e85493d1c8cb4df605ea68f88946961e4ffb00b6c98c79ecaaf56748,1473105
551e559befff571985c5f82f2143558cc77d2996c082bd8e23cc306b0652d083,8340645
ad16f79c8cecdc4626990260e0b386eedea70b7799fbeae09e071e22f5020ffd,1683366
23ab13f9b9a369c26ed99a07f55ea0e7e9c6fa5028e7b7003e765225316d4a7a,6439917
c64e448f147b0d0777e6144362c2c1045617f2d13d3ababe881e0c72e182c448,2150312
1eac841ff6307762f56343cd1b86989300a52fcf9c540613f284da5d7e47db1b,8387317
ff8ecf30a79ed590a94ddc478965fbb93c9e17f180835845ce1190edec963a48,6508495
3caa8e4dc4afdc6d4161f84a6cf5b0bdfecbad693719726928d312072967b859,9624986
ca9ec5c364ad5c1cb0230315cad08cfddc5a41cbc2d64724dd60a4c449f1833d,8335563
9d501f4a88af48964f15fa5a1b00e3539d45eefb3dc99aaaba55a119e2d9a805,2781456
0fe436156664641b1de0fa9e9ee7b427853077be0f94bf6dfcbb77a40bd1d3b1,8387926
f8017c17c09f9442a5ab45bb7f7983ecc1973aea4e184228c6181c0240ba5c26,9898994
3aab3bda4f451b8704260379b4049df610abf395e69be632fea3d0761c966104,2624374
77b6e1d7cc0ed0d3c3992cbd2c7f38653e907aea35a0c5e24fbe37ea2b8463b3,4722696
b3a2d7e56bd9db3a674d3548591166af289a6a9538468e17b1ef42f9d680b0ee,3739455
0488cd098d5e690522277da0e85a5e60856de193710557ff212229d37e4b95de,9400196
4a49601bcec4e91e8a96e1a95382d308436d8fdc64c07a7514419f5e6cca9127,6711721
24f482c8408519b3b0946df93fa0325fb44e941e8e5377af7f16674a5b27ac51,1962704
26abf61f3f3b946c4c404f1435fae1f90d7f4719258440e4b2088a3e20ad39e6,5833171
cd19586c2e3e18cfd5949d3d7f77852778ef02a063f47ed5f0e481337011cd0b,3077108
9056b2fc6cc2aee73b1f8d46114b8b9ecccf4d2af9fff2a2816f0dc34dc43d9f,8581214
8e97c9118c3d606ba0b27e986a351bddf81e1335060354ee1ea2bb966d7fce51,6423340
351926e04bc47d07eda3cc944d91fd2c677557ba44dc339508da004f879f1110,4175260
d00e61a9e2e88c3fd91cf73babde591c99593f4a3f929e3a0792a06e2f574fb5,3760662
d57e9ae5dc901f9382b4b09f7ce18adb011dc720b4ed058d9d4b5fd0f0fd4419,4961325
ae5fedd578ba6e16dee97f2e1408866d23f69b701c22189642c0eeb42697dba6,8168401
796a260d0447a2a5e35bba33c0ec14529f0bc2bdd1b184c54021a0e21615f1a0,9181393
ddd8a46648a0cec214d0c3c3e024ecf1f276efb990bc423748aaa2fc6dd49dee,3724768
754802b135fe4441cd3fd0445cbfd5fc36b480a62685d0345bde8a341424345a,1552150
eb30078d187436f2d62bad4cabf66f247ebd4676b125d578208b38659f766ed3,6249191
36373f8edd0bec4d2b487fcbdf6d1cfe36800411b50051e7a420356becdb4b28,7624546
0ec4a37637cd0a0016b409e3455808435547ab5ac7cacdb4d48de3bf08f593b6,4866787
4301d4b21e1ddb8ee799ce10d44f8f100282b30d3e16052aef91a4bf2cabdc7e,1045926
8adf6b684de931f79499611f8a4137cd90fc7ff1b166bb5d0a21225691b9ee38,3157840
a32686d756ccaea0e1895b9b34cf349e631a5487c485caebed20ca8670c9cb29,2262307
45ee8fc315ba2584cc6a3098c050b7c2ff63bb79493778c94815e780f086e5c1,1613384
5ce61220cdfc700182498ee18b6f9b0e4f3e27c2ca52e223ae925ce0b1605633,3294368
13cd19135ab545bb95c604cf94fc0e473f7f730f6b6fd0a0914fa6e890df153e,2403753
5e908439cb33b1d22b71ccdac3f2f4710f372f2f614f4d5a897822c41841e6e7,9921864
612050dc9c0b929620185e7c522800c9727d4660d55f2f42efeab592f76e87d7,2013272
51c85b6594b0421485087d212bd949d3245e9ea447aa31a367d688cc211df562,1749340
319ce4031d93e66fed8cbcdce868f5df131cccb34a076c5c360642218bcf6d3a,4737168
36517429c9c7dac5d458dc7b65d783266a38620772208cd0a824dec953e4dd18,8363500
10d6b5adea3042a0d188351ce5f21244264321aa878b5dc38869011f9fed9697,9125440
2450332137fc08a4db2df5444229f32d615055ae8845a025abfff36140e5a8ca,9684007
cc61e048c218bc30e0166c3632df81a861f01fa9ddfb288696ee662107b21003,5095090
948edaead10bc4c4e42f5061f42eefbcc31ab6c992e9d5955d7da0a0862dad5c,6121893
c56dc2b63212767209ae5b6202857cfcd6fcf94840865a845fe1a2fbcc0cbf8f,3639705
65498bb0a27dd56886109771d3bc9ffc9847395ecf7be7d7ea9008cca0e3f840,2795610
00def5acd096eda25bf64be06bcb202bb3ef6bf86f6868fc9ba7715d12e4dc3c,7832297
487f58fa1e3816ed809e0b9c9233c5d607861f4c673581bb028bfc87a3c1c7f9,6722806
1e2f78952b2634923e71ec4fb954ebd80d99019beeb1634ef54a703df955f648,8907140
e56260d6e7ee9aaed25ac7368cea84f9a1f26a68e8db6cb4d02d1f141092b145,8368184
969507403d5910865082b55385e7e78f7ac1a2ce712ee896132b5930904da0f0,6055498
6fd73e3db91b2b70fc7658355b36830ecdd4879b2d717c1c060ce87ce4c020fd,8264581
702c84ef0fc57693bc73f7d785c072952c6f3f693d18f264409a7d8002c12bb8,2953772
3cccbc42f9fea5fb5feebc335bebc43057d77d60e3157041494d7abf850fcb64,3844138
c6e49f709a618e6e853d11e9b86333752b0e6a40aab7fa48e13f4a3fc9a7cebd,2815455
fa266bcca8058eaaea28bed21b210d8a241c2552aa26525be687b7b038b8f888,6185770
aa7577e1504726808a8840dcde2d34ccda929c7803daa9272cdc1641f09fe20c,4568234
efaf3422a65efb66749c7bab391e398dd36a36bf07d9a96438cc755caeb83e0c,5936691
67da1b41d7e28b701c6ee8a303d433f1fdde7ac9ceb01f189c9b19e23579a468,3570816
267ea09d60fac6701ddd21a528f9067c62a184ee7ba7e5cca148efcce2503fe6,6511487
a80ce1aa2cad891a48552d8087b5dada06d14042e6d37fc6658b451deb81a129,3347345
5116b7eca87f55b028b6f7c6b5eb83874599828468ff702711ec5e734625d289,9432238
ca32c5428ccd49d6119eaafa891675f0eef64b22d7b6582176f2564828a2538c,6229393
58163347eeaa9be54ba67515ba271d1516d74e4e05f3c06c6a543ce2c4563117,6798758
5f67bcb77df78acf1711a5365a652938a8b5700269416b3eb914aaf3c161bd1a,1851876
e2f3b5f6b2f0f165e7233623622a817f7ae153df20096f8a8f512ae2a66306e9,9617434
65e2c9b5cb3b6c18ba3def5e7b2ffe47a1dcdb662119409bb33373f7a3219f33,2748861
cbf8e8438cd78e78d07f0cad07d24ef2a2cb1b0807765ae361424eaa3878f211,9424505
ce027ce3c35dc67e44ec9d5d8663552e0bc403b3882cfefecf2b4726d27258f6,9296633
38213d8ef5b23a01725ed33390d75b5fa72a391c2e5ce591ab0c712abb5c4505,9178138
cf3bf88e860a24871b08a95acc2d137ab50a414b2c93bb63c7697a8cbc45edd7,5223175
6d5e9a9d46ce2b770aec75ac8d02adc41e4266450a243fe65b19a237e3d593e1,1692375
3136b2a8bd9b9ed5e269296edfce1edaa7f020c81ebcd8a11b5cbcba79e8f699,1869566
870d0d68d1d12e611d5b2654df837cf8bcdc0fdc08f5ea4bb3e4daabff8dc6ca,3275723
69c8c9376aa93afdfc4aac496db12b7d812429decf65d3440d674dfbf9bdd711,1908501
5cb3cb78279a8dbfa297ca5c7024ed711a2ca8473d7421505c5f5210bc05d452,4848445
df6f9cd437a12d72122d03972a411dbf500d459029fc2027a104be88714f2257,5368896
0db483e519fce685cd0fb9f0969c23b837518228c4a5d19c95d6bf26a3cb5f01,7331106
dd40c96e8bd9d1cf7b36f2a76d213ed4dff9fb1cd5569d14f3dccdfae0058e5e,3865913
c62968785624fd84234d04115c5de6b66389452808662c2f64d60601be200e51,7444475
498a4e968813b71cf20654df519271a969a852e646ced8232e9e714e117bb2fd,1026840
c7ee39c1bfa25cbae86ac14a394ee74d6079e0f50fc84dd2dc2cc249768b1e40,3708988
2ec0a4353ab12fb92127e752fe5e4571be358e24777d85476c51c3f2f2c56059,8236390
4561df0d746525329aefe421deb54e82e62252dc4e3ade4b9d26a196608f6414,4394754
56930c7ffadf3244c54e958f04875d91ad645d75c6e2b8018e8093e25cdd2625,6808457
4e3f2a2b7f319197ae66e1d1bda572048b43d4da621ac72a046fc2377f0c553d,7866767
1550051913b0b103e9931fd99600c1b53188e3c62e31da4b85571f5b357abe95,2812306
548075c2b1ee95d55d6cfbb7fc7e6669d8e8358a1f33f57a46c261db81882232,4095744
dd0026b5b52c62106051c2773c96539f878927c19a6a172f208a05d7564d49ea,2254311
df52cf6e165bc6221196d92583aa7214f43b8bb9373d02f16a05b3afc0d33aee,1696523
7718075e90f1b6ca81c7d833b63186b8c966a96d4c22639e78ff8c31e260f50f,5376751
7d557ae922cfcc78885c31bad5ae4e5515be7a01fc5c5e0a46725b0d6c9eba2f,1179683
f6f15bf49494ddf4b2402d8939839477873b9d8721567739363bc1a9200bcd0c,7076729
7f566bbc275c938daacac734d4c2bd5e05e22c0c07f59e4af8704fec10401b7e,8723273
ba30f43b48b0cc3731f2af406b92ba9efbddcfbff49ccb5d0b3e489cb5da3db6,5010131
b84b64669e773144621c9126a1c0e3a34dd57bcab80e06f41da5032a2a118fd2,2140440
34828ca6f4331a2b21d3b55df649af8311fb5be397c090abb745e6348ac7fb46,2606449
4abdea9ff88885497c5fed4c592f2d9826f1f4555db4f94a3d76f052ecdc2a4f,3759875
74407d3afa261308d47830d11f4f9d31d9fc6430cca37b29b06d0243bd414216,8715439
d21c5eb3fd1e99ed68990c5dddddaa83a6a41350ef607f5d3d28a4bce35af0c4,7755655
5cbdc3f327227280315effb77a7be24354978f7193b44e7c918dcf07fa3e3117,2528195
6b7f49b6fb45623703a20b013a222d87c22fc59a62a58788446fa07239e6bc57,4729279
a19696acc4fdd72ef9eac062a9a61692b9c172c30be8dbc246373d57278cd8c9,5936180
73faa95645c156cd9962a408fa93bf22ae509b59589479602253534910c79140,1043293
0d79dc505717ffdf451b21b5d50e8ac4563d6ebcfc546c8d3536bf857d6792db,1397439
d5ae926ec26f6a307b79bc83eb9bc143ffa477876ef4ff8cb15d3f0f5e69b9da,6056789
e76b81c07162449f362ae5c2421f8e448c7785b06ebb427b40610243d7303a0e,8314083
5fbe9630bbd59c4d5b6dcfe295fd9d79bf0c750bd9e085ffd4f7dfb8b38faade,3522466
58bb75f73b0eb3a065132c962b48b2fdd04cf37b0f0c38ed69361e21f18fcbfe,3715327
ccee734c4b1228fbc6287339f4e8a5d4a64f2a48dd037913bccf74bb08359447,2424967
c8b6f3b5e1ffa56ff15a08ca297f90f050a47111488fc110263145bea40317de,2697614
9575a5c65164f1039900447c0cc0a07e996fc53982ac18e87d5d0e4596e2a489,9351198
09d29f12fbb6300f3cbb5348e59ff1f6dd4122d146908d1b9e35ba0a8dd672c7,1356588
85b8a6cfc2ef0297435af4c9969ffc394f8037a958b2f77f11dbd5d2dbfd6c00,7313988
2deaf9491c9dc25b370f80f321c2df9c4000640fa67e96aca8c582a29411b16e,6140186
4e51580a0737dfbf8b7e2579544716dbd60137718a0d02ef3095c8922b19048f,3264839
d0267cdbe6c97271b32dc0a20d998a2c3cb011f34f9df2cb2f1ae13a02dcd3ec,5818067
cc9a63f91c4e5c5db918721342041c5923bc84e4103b3bbc42b894852b1331a4,8012472
d01e6e05b9b56ffe051d0c187371e7424ed0343250951c569575c2f4870a6e4b,9036576
c56eac73cf68962eefb2e2d1008a714dc364c4d17b8895db5b3c0a182ff4850e,3430055
e2a12e9fe73bd56b11ed1ceb870ddadcd3fbfcce0592961c2b206298dc3ebcb3,6070312
05f32a7d34f9341e67cbf811f5caabb537eef0bcc2d09aee552c44c21e7682d9,8747872
bd6b33856a71e0668065a228f0c72d3941f9621e07a904005e00dd72f5ba9516,6077955
bfa3d19c9963cbc4c855a2fdf0e2fe6c19ca1752f31e4413c7ef4183644253ef,1773814
14f9a8f3b799d5c9613d0ed5401a33158f6005e9a379dd9f93f8abfe48919edc,5332141
fa330b9b04c2daf9adc17370f3178102dabcf0f8aa262f969a7e772645730879,7380028
a0063fffd74cd15a9c8ba9c7af2cefec79dc99d0dccb5e2378591b6e24ff2176,1340893
813f45e2b9cbd5607ead7944c7c35d679e1b6e0999ae321e513c1ec99b536106,2912227
85451c90ec52216d3c52c67f8553dc75013638bf6b7962386307bc72b9b5bc83,8046694
657207941770333e0178a81cedc36068ac6032d8c0d1f767e5e4008c7c911781,1529024
4caeb59d243a5157229e4dfcd0f77bac65240f28030994114ffd5c56569aec99,8159777
7bbdfde3e9aff21e42999a4ec34a7064d008fa83d78ccb4a402cf48a94d07412,1633675
b0a3bce0d13b51fe5e2f4889d80b060e1d07eca071f3a55f24bbf8867ae2a88e,5352887
e0c204207b7d9f86ce772491ea980b8b0cf9deb3b728f19a037d7937a8cbdccf,7649543
f56c2719a9f658ad0bd88b5dabf80f30190674df3e47d3ed23f19e2f5b7bf536,5705736
d51a4bb6bd51c7fe0320f759562d923269f4a8b02381f2990138f085202bb3b4,2053501
f80a8656aae1a0fdb55a4f133ba8aca9394dfd02e73e0396dbdada67a99e5545,1110477
dd31b93e51783e2ad669d54328075720c1a8c5294c3c00f71c17155bc7aa899c,9919978
7ad7fba0db2fe2d1fb687a8920c2cf19f63e3b0209f0fd4ae01612399f56498d,2547752
5091cd829660c66e3abefeb7755da0b36409bcae1c70a44a592d9d211fb8acd0,8566104
0b2abd3e485c195565cd80f6daa5096fa0d670243fa8d0089028885ef86c3e98,9352202
8f72e7fca85780f82d8d79ddb77d05ef7fb944f8cdf4d7467b359d43ab987459,7182344
79274c4060425b1210ed26682e267b9118e4ce60fdfadfbe75972a2a8fc64a24,2703884
7cb479a5bfe3b188012730224aafab8674b403c3078eba4e8d4b3f14a6161392,3004768
3bae383850bf034f4e023f9ea1fe6255c9825fd5ff82a543e7752df17dbc5722,8485914
b2901232aff61cd40f146f2d64497c1bd5107efa67010bd771ac0ca13e7e7ea3,1425209
e09b20c1dee271170ebfd4d2269050f76e42208d775eb5fea91ec0ebb341e032,7567049
a3fe677c57f5d79032adecac9e77da671ef6b3c96a54158db1d50d4210173a8e,6606803
dac804f5e058f5b9357b09bc75d0dbcc00d1adf96c3c8f0a15525a9baa6d67fa,8139243
3387ae3d9944b93e25c0c209d10771830c29cf579285bad9de8e97a7e1cc1ee7,7972075
e57c6a5afcfd1660843db980eaba8201a85d5b7edb56b23e78ab98e6ebd0a4bf,4207901
663bab061fe2896977e074f0bf6f39eb1e0ffa6c601869e9819c82483bd3581c,1154312
6e40b99544901f7cd3cb6c62ca29c13c77ef90d01dc4043c4ac2cc67ee264c5d,5569603
c625d4776c58eb0be92c3b625c84f3d9c40d6c3fca81883c5d62d4e977bf4f9b,1405994
a94d596075fd1d603a5bafdc8bef9d1e830cfaf75fc141d2c8aee04f6da52e6e,5938602
fd718bfe516a73b1935d9fc31631c7d20376d3527eb5f3da3655c861edcb973c,3094497
8c22e0cbb319651b6cc34c172c84d84f34058c210447d38b138d643bceaf7b59,7931345
685a4e6f0505f58f26ed96736120930c37b02ac54df0c3c078abe05a4a7864c5,8105159
9af01d072267819cda1f4c0fff9c1e269566ff61647a67c2629a7111aa35dc60,4790803
a00df8f5c9fa1f62db50d267aad8192abd99a46f038050521d4f264bd9d84069,2804127
0bdbed69aff05db50658ca5ad1331f938b08a7f41127f1b075b4b82b872b3a96,5826377
9e0d6e35463d18202d302f37e1c7e20d7b1c9efdc7eb0ca8d0d4ac606d8d2511,3443665
58448bbfe5dcaef9fedadd937229f00d5ff2741a0d79b3c85aef5246ad66c86f,8333410
70806dd81448fa9415c0b477b9f2a99dae5a5e9b932bfc9ace7e4eb922cccf97,6036111
0c72c71bee5e6b53d150e1a8c65dba60cbc84185550cfd74f1ca08029229afc8,4346241
616b7284d52f99cd7190e8712368c2c95105b1d01820ec1d99c1303d5b36dab0,9351703
8998423ed2d3021ac063d9cd6f8cca6585e9101da988176b1c55eca41203dd04,4112335
8b1f92bf079904f078c44eac8a3e14374e10253937162554c754baaa77032f94,4856699
66f1db98114ae1fb933450b70cbd9be75f7caf0e5d178ce23a563f0083071d2f,2969951
be89aa9ed5016b6dff1428b7a690c36e60573ee7c73c5c49b0bf8ebc3c343bb2,5506481
2031d05bc23c3014e343d1ac44bac72298ae33580d8c62d6e603404b506b6cbf,5793947
034f89766904ee2f1fb1157b73a5ec621fe13e3c5ac1ae51afbf5b2c7509bfb3,9238701
e29156613bc1db349001fbfb1e98c6a089ebef766989512c0a6315382f365b78,5376366
b9bcfc6e6a123a3b1570bbd7ee619690c90d45ffc532c24b875c04876e0983d4,3936852
52e643dfe0a64b0bfab8f316a959acb34f1a6d25d67142abd7913f2df67c89b9,5584138
71877edef18e5a27867d7202ba8c85479a6f20ea3f0497e02314c3300491d7c2,3531620
06bad1dd221585e18be4c77147a46571d0197ba44ff19f17e2e780f33e021ba4,2219733
f98b2f313f557ff1ed12715a10ba3243d2b43f81fa2e78ea619f5101ba4ad1bc,4632322
347e85d5a779021cf8c556b66abaf377b320b63a4c22a28d131df61270a2e1df,5035628
dff25b2d25947687eeb01eff0adae87f674be1d1dc33c9480ded981162b8297b,3712565
f269b6036d044fee05d633737915a225caf8e83088057011ebd3af3d223cb099,9728249
3a8a3ca0191b8ade74d2340e450d39d162b9ccc55e0068a0271c0a45f73bb7f2,1659245
416e1780496a50b1f889ce4e3c07796d0c920136f6849e6861d3badd5124660d,5746816
f9d0761475ed778f8bd4d1c16fc91cc02d94189abf447c670e6e0fd0f9e6d435,4871166
eb3108505744816f6d4b7168ec9fdd8969035c2da2e52d715a601e8209092a50,2918313
544d3028da5b5656c60069965e4de53a71305ebcf0b48abaf8e3d0628ee4cf73,3153089
cd5ad0919cf62c31973de78b98b6daf62ffa5a77d28505bb884b8d5bc3d60537,7058745
26fe5bb3557e157dca5087b64db0303405d8e57096b39b0621318babd251dde2,4249630
582e7631cf57925a8810b6dddf4ba0ba2a0fb61a2c7db7b56c1346aadd1c3dd9,7851210
57f03f618c86b66a71ef8b5b9edf5613f171aa0931f88b2476ea0383c853ccbf,2774144
62c66c602625c9fb644c2858f0dfe47de098e81f9cc00a815e4f9be6fadf2148,4237687
03e4ce0de96c7f3ed74725dda2596ab7a3174b752afbd90bebc2df1f30cd8e7c,4744277
c146e5173a923d2dd799e82e0a3fce9efeb64c000878597b56ece6060bbaf458,7981264
fc9d9973e931715f017bb15f6ee8b67d44827237c50b47c014837d227569c7a2,6837014
40af2e08799bfdde98cbbad12c645b25ba17c3c59ffbb0328a7c99bc4a913c74,9079578
808f28c0298798a595eeeaf947ccbb6d0955eae1ba9b8c797b90283d55e58aa7,9675058
08dc8bc3bcfb6a545ebc616390915a03b639355ac23577e77895e789f7b7c248,7072292
b136edcd639968139e1549195ba93c827e4d6aa7a6517a769aad630b7e853d97,9068153
e3e80f8304e3953ffbdda2eb9d22eb0e1ccfd01b81497386e900bda1f1238ef7,4683927
cd3c781a7b7358822dc70472b73fdd74ada629534df26abaed5207824b8a3e44,1623724
cd017c1caf41912eef3db5ad93223432d843af546574af09dfa538504224194c,7341079
a05aa53c02ee20614ed195b820bb5f649db926385acf45785459e9bcbdc11850,8679158
35bddcd802bd022e3477a3ebe2e06b6cdaaef2e107b90621493ddfb7230e18e7,3958140
f3e4bc0faca15c7324ee71852c0e93a3bb403d587b7e1ed343ea925b13fcbf8a,4470556
cb7f17c702e9ea548e3085c71d27788950afb0588e8a25c510eb1dfb51ae682a,9588717
f04c007d62ac78b9fbfe9532eda4ae99d31d51cdd326f1d2d08d572e1c3b1f7e,7001671
7fa984b7113546a54eaa7f7606a7986a6cafbc6bb9a5f63e4d5d4bf095c7b96e,9927510
c3a5f2cb6d5625418aa03839cdfb8366f763e6aae2fbbf7c8b83be2cda6192ba,5925372
2e5aba36ede03c76b03539c1cb39686f26b3a555bbb58bd8ffb2a8e60a4e8e87,2115373
2acb92c5e000eb903e594cf15d197ede55e09968cd9e228605461deab5886eff,2557698
155e50fe32e61d30828dc7a0cf31e27f08b63e34931a73e5810a5f93d01e8703,8242781
99fcfd1dd790054230cfa16110157d0edf71c9dd5da1c7e86690a8fa1aa9cad5,9276097
df86cb40ddb84c8587d6e702e201f375cce05928c799b9933d62294079072365,3982135
c0e27018bb9c4985790bf0e9f9f47d85b76a2d9a5f8eb23603eacccf3968b533,2731082
6fd72c2d6b1263e3cbca6f069daa4f82e8c7612d3671e293434d59dea6fa66c2,1235427
175729f1c56e4e5ac74432b5dd0b5037e24b3dd8337492a6a3e25dbe3ee0f872,1848998
f5cc0fd5f218e4a5837775685ef7a0c17b300e622dfb9c2703dbd02fd34c9620,6639082
f920cb8dd963ed2202435db59b8e0fc58229f786efc8e2acb024f47c7076e328,4589588
9f0950e61483d2f1f284ec09d25e0e2bc945493a1e078377661e1bc0169dce04,2034451
ce89d7138d03ef918ee7b5f4e4c1277c1e6a6daea31e90b83ef40f0f10666760,2306271
c4127c4a91cf673a8bb1da548468a5019893a5e74383e879612b46329a61d223,9454944
35a9a88a9d6e8b9796e495b858c61167b74ed068b580a227492748c8ae119bdb,6695527
36984721648f86155f475356bb8b8595d47e781c301a3906bdd198c38056e8d3,9036336
9ccf5b90b96307c81fcb9c467dc40081efed4195a6d7ea3b844654c35ae159c2,6264705
02796f48635411b15c067d46cb81975e5faeb15dbcca02432734a5f29cce9803,3272895
834053dc9ed07e93d5ea3e8efaeb7b193955054dc47f1449c415c67031dd5ddc,8209359
476297615248005528eabcc4c0e25e37bf39ab74fba3ecc8c7b052e09832c470,8303525
d7f67174856c660d27c43829ff9dbaafb645afa51f77a376dfdcecd30ad9c000,7866342
a8479fd37c214ee24a88fd443707ba63b26dce70d2687f5b4b9e99c173e13fce,2142672
da89cb275cb5ea74008f6f7dbed36248f1c195fdbfbf6fadde5ce264fa0e3c89,5326666
1d76fa6ffd283c0a697d569d5e8550e1d3417f152e556ba84d2698a642557f3a,6657555
6bb69ef8aa9cf00e9c17cfe29b9a689c7004d67370530d60674809867c838614,1053857
3777cd030db396436beb6115d2983f18308e082d4d43cedc50914f2533d8f9db,5358261
dba2a81d817dc2a7d64181c4d518ba09cd94ec8b0ed95e22823ccd35582171e4,8632485
d1d8591d99efb34e01b8717e60c5a6adb82e89c4fcf0b8b123d0dda36a37da74,1657465
e655fcba2452e389645a0bb49abf37bff26a6685250f6fca20c66dae195a2fea,5271858
d5d3109108150c74a209cd719703aac5ebd1f6c6624605e476503455eddcf992,2789920
d393201379dcdeceae2b35af6bceb47a555f0d275ff7545a1baa2547f0410a09,9213314
48040c8bb4641e211b3a4359346755a73ab21d3dc07dea4b652fdadc837f8918,6145786
e507fa9951b0a383baf1e4c27839e81beae35b8c8ca4a91f7e9184e4bffbe527,4261560
27e68d1f209d147670a92a0f2203f93c66d2f325d5990dce8994621e94542932,5373997
5e8b0d4b4abe67ca423268ffb3115f43a4e1d294c9e582d449c50216dc64c0b2,9039466
f55ec7c24450106c8abaa535c3714e6191625663bffcf4607a37ea311df40785,5712424
4e830a1a631634d759532be664a90c62c8ac53eef374739c5be238e9401d0b47,5468436
40784a84fab7f931f987c1eb828647a673eb69899a1fe1fd4191625f6b9722c2,4783769
4b3b795bf0770ac0218b6a14f17ce2f4ed664783a3ebc2195bc598792ac06ffe,4260356
1d22cca9ecc415bd58ba42528c1665a7b003c04ee0860d0d84a6eed803b01334,3295497
5da0f38563d163773d05996d15c34b790769f14e36427b61d32c4d8aae78b5b2,3638014
e84e9965ac5e5e90756d28ad918b41f6469b043fb157c14e0174aa53fc8083c2,1747680
4d5c11fe8b5150fe8e99972696d1775b6dc5d772e548c3f9c8887e376eb0687f,5478647
8aae9785885c5a63d139068773b3d84178b0b9842c53e77c56e9d753e3328625,7547840
f9aadccf64324e1be00e3ebf5b5d3755449e4a2baa97ce8dccf61403da4051b4,5084444
c3831496585916af15fbbc672870cbde3bb128b876b077d2eff179738cbb455f,8172697
ea61e590db3c6e55e35982c97b1d6cff43212fb2dcea47247fef3b760e272285,9916378
acc78e693a77c8d624cc27fa681583c2ab984b1085fb335c96d94fd3375146c3,5646911
3d99562edd1b31d1faeeef3e12e6b54e0ae8fd87ad64619974202bd968c4c566,7485676
1418b18c9f8b711f479bd811f3235b9f7862c257e6584132494c018adb196f39,7025588
c96b3051b105dd3f84113be1575074ad31e0a2b7cdc2665b1c2432662b739024,3052526
71ac2535975055a23a25d25b8f868a46cb5061e60d67a7d786a54282987653b3,6753152
555512702e141c97e661034b2adb26ba32e2e29df1cd5f23bf7c4f51983d01af,5971480
62a4cab9414b43255cd53aae959ca14869568922a0ef2ecfb733b9fc8848f559,1392657
8f2d7fd14be4794e5e1a23efeb7b0b1bb456b3a38f0837ddf88b1e26564b2f62,6936119
0bb824872e2920bfafe121fe7b12258141cb90e6be708db5d09a0b9377793f79,1994137
e8229ffdf19a7901eb4f8c860a8ae0cebf22a1567a05d7dc149cdb9b6ecb893d,4786643
59fad8cbf5c888a195ced2e73c0952bb442670e6bcdf38ae4c8fb26cbcb0671a,8732595
3516851d0805761b5127435e5717f84ff3fa19eb838986239ad5c1d050b06312,9451497
986d9cf740a6f6ebc42526d708001d983e6208830a2d775312617594325a2854,6431558
31c880af953aa7bd012e0abddc894d7fbe84b86cd7b5ae895eeeca9b01fd45e0,9269773
80c1942787e69e82c56288c625bc68fb9805feb6e1349571ef34c310f39d0dcd,6520348
e7227b3088d540d3aeafbe308475c2f6a3e20e283e6b8e66882722654a50df1d,4278098
4a1591d23c58996925bd6de7a7fa369c700cf63ed7addb81e957a759d9bc7c76,4466127
8f34a87d5fb29bce822d56ff4739ae13a217a0b84ae0993d379d28674ea84612,1463839
0569298c0d1010939e583e8dda33c91cce6aa98bc68fb0baaff24dff017c0e1b,4300477
f3a916ac832d6433128c912254e180b7a8b1c34697c24c571f463c4b93aa530f,5586481
e465cdc06c18ef81130c64c2c0abe4dfc6feb51e5f5bb75f503c046c499919ad,1734313
97723ae77f21d102d6ab30999daf6b5dc5483464e9b8e8ab8abdc9f55578612a,1852002
408458789c085fb0ee452ecee94e7da21f89eec7bb31fe633a4effad129dc3b7,6779773
72e65b8084e9c9bb568633e2b73c103778d5bfc1dc7075d72188c502038786ad,5214440
d61256fbf9eb862f58c58c412ee58e16d8b26fed31aff32d504a11d3f71164ac,5794867
b65bc5ab41046667e7ffbabb10ea0b4bf38943bfe62708cfd57a6adfedec61cc,6614504
7834b6de869dab19de5b1dd033708f2ad64bcbd2c3c78c8e90c919b6cfd805e8,7463646
761e9bf5cdefce25633deca0e074d4616544947a89ac746aeb4b23978223d3e9,8759627
da85d895bb66a8b22860e84da4b9808fc73a19422e7ab82376ed1ccb40bd190f,3784060
9208e4b222c0eeabf87e39b1f63d33a2348a6183f2ff033cf221f66b9f4a4a09,3331727
2a200444e2225375ea12b97fa07545c9d97bf9f1d6173001db0c796084b61071,1252265
a26371066615e17e59448c1e96a6041f49ddc37d09a5d5551b778ab1d176b383,2324722
71e1a1a94b32243b15d9dcfb22cc91748bdb668b967a546598613b87b9b4c2e3,1196262
be8573aedbacee39ad05c8192863bf79437c078f29c083f445727d8e7a36f520,6367846
447008c38a01d218b7b863fcf73f0bd429ccb736a2f406c0e65db48d0e554969,8117328
694b3735ba09728e3c1c53191a60e5edc5c9385eccc450ffd4b463a9c365b63f,1441409
13cf133e52638353a0b30cbd6bc02af2825950f80fc98b96e675f50546d7562b,4205441
14891bb0576b2e89a565baef8f02f88581ff5a8f7236a25d2b510761c65b869c,6308270
60f59027c0d3cf217ca8aba9e3f9f1469d9170d13bcbb92e96c0189d4d3ca651,6675854
f6e7b86c4fb4024d17a64fd555ac55e19036538b659e218a0c623b6b1a143789,1618866
72a1edcc3cc0e167089a73b151797684811491489111b80438c8f7505b1c29bd,4195800
9f6df4d43d468a9d5f4fb8ff7694e9a2fce4d348980e9438c99a236c832bdaf1,9494652
593c06cee6dfea4cff284585ee3ebfdcd855980c6e2b3ec772c4559fb2857817,1229698
2f57d2234fdcb86e1cb5a72da32d6e45cf2c7f89edb997eb51ec11e789002d25,4791898
5c100e0217ad9a9ee7444a372ecdc991ad45ebba1b1ad2f8ebb909a2318c0386,7137109
573ff781526a9d7a334abe610905ca4427dbf3077925581ef109a60214a66e79,9171257
2495bd73201fb93280aed403fa4d1861e742f1b96ffa162aeb25e0ede1a20d71,8116437
0aef67318d56d46765540d7983feca8ff7effcd3c713185be70e408f98b0465e,9201044
42428c46d923892e83ad808cb601080ee08642237eb2bcbe3e7e35fbd68b08f1,5404349
4151782e577cd72986b09f5e16c63395424c50b503f7fe7ac3ca17be96b1e9f3,8721437
22338297f371c5d421c13e45b5f51eb67850384c7b409fdca7b57940ef3fbe7b,9624586
73ea8a5b68dedd666420abebd52c01610dd0725288fafde3f83e66231712798a,2339229
a80760d55997ba7706ac06b6ff350bc656342de72d08e78eb6d432cb8bc04760,2672111
7249040445d1a2fa081b8082865c21c3bb5aad89ccbf761d2255ab6ab727d7b8,2995204
c55e77d0e7fb0b2884abf0c9ee2cb400065f6be79b8d014459645d47a1d7979f,2373888
0bb5acb8416e968423e08d2c6d7cdcda17c9ad5e8e50bbfe1d7fdbf0f326786c,3559406
b41a7df996dfd1bda1adc56ecafc7706eb9ed675f1d1883a1012c6b29edb4352,5809953
4dcc3812f4790aaf989cb713148fc0de20592e2dd3105f79f7336b333b8cb4d5,1972957
1797401f7fbe0e11feff6ec457a90050976528c28946f58c128beee0c8445ecd,5324703
513abf21250299093771af74a3e3995646e5a0ec00254984329a48890b10b17d,3139057
da47d8b8257a34a3d919548d94be796729bab09605464c5169dc1659b61fc9d6,5938586
8ed9a8e5cd7faeaa76f9157cfa3bf3e1556873d2fa9c46151056f0b7ec5810e5,2110055
7fc36900f1fdcc278c9ae203e7a3dfc82b195a719f7eb3f4f0bb2aebc985b18f,7718516
0af56ba73a9d84a02f146c413cc7f2aa6c6e31eb953fc3d83fe0acc93807df40,7400367
d50aecc0dc3d392a16f2827c91637f6e724b6c2a06e899934e17413da91d49eb,8852530
66e89601b10f8a7d98101cbfa2cebe37013828c6a7a8d1760fce790ba85f8bc0,1667631
7fe75183eec9d3b344ed94952d3bef7eae1e7ad8ae41d253ff0d5a9eef06c1eb,2268473
20d35afe747c67a90fe03026062003e9e67e4a49a7ddb05fc96d57864f010477,9432496
579181999cf5c0bc93ca750cb0643a712090026430b5b47f9933c547feff17c8,2655817
b1e8211fdc5b8a5d8a04d66794594f016d836233a8a0f7fed1e0df86e88dcf43,5154770
b86bd32de5b067588acdd3f593f91a16090aad9ed15cb1a1bede29678f8d0807,8303770
1fa6cd85e7567447dfd650a1433d85fe7bb119bce67bb9a823200386984ac65e,7267696
5f32b8255e7e01d01b47db03074f9c7adfd0fa26c19a90eade9a05c6b668ee76,5009742
315935e3d6336a9692b7fb6909a23e035cb8f61be1e8cca82ac1900c0a0c744c,7024455
3688023ef4018c37d9666a2d9673ac54ad208bf70152fab6886476880c5951b7,8468251
d62b17b35b8bae9d4be4ca6a8ceccfdbbcf5b2faae2fd47d09a000b8b77ce82c,6345736
12db4e28d8889c480f532a72fd511825acfd8001166757f3cc2de5f94116c3e1,9149933
9ee3426b7d1190f19bcc913a919d48595a70a6c6c45913c51eb6bf60a048ea74,9832108
4c422cb25bc58f18dec70dcc0fa8a16af0f8e15eef135e516504acd1bf4eecf0,1702595
658242849253967c50f59629837ec94a2b2ae56e67735436e90ad095ed31e258,1527371
5654c6699ca32d35bbd1c6fec44d4c3388528177d8b4a3b9a6e3b767bf886b56,2288203
a94f5d6e9fdde344810ba494482e162f8ab5ac7ebcd1b5e17ce2c9f13bd708f4,6753132
520062acdcb6f19f1ceab7bb452ce0e84b86c9b774dcfa3ea6807557473e40e3,2424172
e5c8f80263f56707c427234e063c380d69b185940069b66bb5290ace2a2a85a0,4157762
e9264cd73f1b7be5f9d89a4396325defb1d308623ef39503f0eef805b125fa94,1580015
1e6b4cdbc41b5ee3d12858eb2bbbd2a052184669c049ca0048b978feb39c3028,2329013
3f77c0385fdcbf121096d77202024b8b8698fb075a0939d36630a131a31e1672,5658801
73a8412686bf215b0abe3b98ec328ea8515570d37a2cb2dd3ac31a4e8f9ade0b,7159860
101dd2512a4100668efe056d41b4930d21a6f08c129f6b0a7e6a30768b8b73ba,9139209
c27250fea28bb82f7c254b0dc782aba9eb820e08be6bf0404f0746e008ca46cd,2202655
ee2ebabb46b06729fd04040a9cc9eff7b2dbc1ac25d627d6f2e3de4fcc5cffe7,5252036
14b3d7fcc0952785b000eea6c60a50914497d3f3058c1ce874da0c644f9ddb97,7957289
f760c8172b70b8fa46a4f4364ef802166c102f12233c51afb3642d8849e902c7,1172719
1bdfb9b63684729b479aa3e7121f50241190b775d707f92feaa64d82b07c7620,2342033
631e0bcdbd63af797f88edd7c242a9ff40cf40108c54a63fdd92d6c78346fc0c,3509503
c7dd203eb542dd5d910d658f98ab00b39cacca7fde7c8e4032f0c4285d3187db,7779522
f7e2b8541b616dc6ab86bcfb5a02d73dc7fb0bac4c882314014caa5e587c7306,8650710
1a12c19276bca30f5d01e734b8edc3589cf2175c228d01190476291794c2d9a9,7830705
44bdb57288d82f4c5a05ae2213a03f1ab085f8e0e5453ff21c2fcef6d492dc27,3867088
f4b65cd0b57725a8237d57955ee1c31384aa7baa2dbae6b9055bcdc962d3c2f1,9659051
3915bc91df344cf5a98bff2769a92270d7937f5cc74524ff3e80d4fef51348f3,2116352
76edf7d54ad2040a48a83139d023ec53c64c7297f9c875c137ae340b1a9315c8,1018989
2c353a8c35a9823d0e5324d4516bd7e2a63de1406c6205fecb98152c3498991e,7660617
9156adb459478b7bd67c4145fe32a3fa7d0b24d8633de71c40d9316dce033301,5079906
7689da1189d185ff321e3fa9b71ff8ba6b446a48e498bfed11ff157415ad76ce,8594112
7f98872ed8cc824e1f5e0c01ef4d405564b7bf2ea56a3fae32578af137c91fc1,3212610
a2877abaa093ee14cff1ad5295e40897880e9b4f62dd7b1ba5bc625c004a71b8,3216453
cc183205610418504d54f5964fcad23df9a1780e48dee61de2f96483d78c5bd8,6436237
e78c064818f0038af272980ff259ab965b6828b13cb5ae40c0c7c42eebc14c0c,1873544
ba1135260150bd64c501b34cb8b92d5d7258c8ccf1d143a3c4063ce609409db4,6316656
c088d9c3ca01819842a0cf43c8eca0a8b29f90c3e3061e871bb7549e47adf494,8040281
d2a0f19fa67434735110de5de5e744622739366fbe344352a12938ca577063e6,5102568
b5d5ca1c09263210546aee792d3b9bf5caba8f972710a492efea96ea0d38db47,1221458
d0b2d22d5f16079e8c2943eaecb370e39e86eae9783140cd528ab6498d3bba2b,4546212
17639539a1316dd16d654ab351b3055c71d15fa9ae2bc2f7d9f0b03291ccd469,3413537
c0dae50a483faf3d29b9c829e3c22c59e2730257b726f5130e978e9784039512,2141813
9a24c1c4b84c90f5f828252750cf83f463dcce458fdd2a61d92893ba229c68fe,4841971
21dea07bbd56ef08cf93da4b7432fffbd838e5601e90f308d1dae72f22ff7e4f,5220937
d1d2c285d4f3e939e711ce9ab752387799b8f301a139beafd319067022d28804,1067180
9a09781157b5cfe2755ddc6c61ef64c837badcd7c12e5855d41144c6b372063b,5231648
a2250b8935a2964dceb6b9e2ed0e1567f3a7e2b40521777b8c7d85f20edaea87,4363497
01c1c195300709d6b9d952320b0ed760362f093b2361d772999fa757dab75902,7457600
3f5d70a923c951ad9bb04121d59b50dce40263f68a60cb6554812894ea9aa570,6053138
c3729ed09f092fcb6adbe0511f08c0fda4310fb44a90ac63bc26f83f6e90950b,3601677
389de2be73863a29b5074eea1d76688038a39b4b67f5a4db28e567873d06b4a9,2444122
1fa5e447280196cb8e749818d4a26d54565197576547bf07043b270b0293a504,8064137
b8bcd0b6703f56af29be36b4c038d5bf9dbc0deb6d35b985900c75ec0446deb4,2269422
19f29ddd3d0bb4f7a75c5cd92e2ca45685f437549d7d1833ee7d5469d4f5ee7e,9738527
56d9419d4fe4ba66cd2d9b3e8e6ffb25538b26f7235cb624ef3f8539b6a681b3,9382512
6647190879d684d52dcd33631e5d5e916e1d8c36015a78769c9ba4490339341a,5420824
6fe85c31fd4dce474ddedadd6a5d9ac3549176d0cc95c0802211067bc48e8c7e,7020120
e9152d109f27ca1194f045780cce42863a2d0d2b3c972ff235a49d55a48e2624,8708315
5e763cb29f1fb728c026b8829d6ba766e497cac12b5230b8b2c24e7c0ed2bd9a,3812625
18658ad6efa32e28a6cf8eab2573c9c1ec35f52b157baf768568ce9901815ab2,5840771
e95ec168fb32be26acb8ac3dddfc20ac20a32e4266a617de355757e1db426ab7,5288263
ce9fe6e5a3dfcf0495cdc0d98360020932cffc56d501fb24af3b9a3ec90af371,5701799
288688b8331b1b31d748584e5ab35967ea0797dcf02569fe275c0820d47bd202,6570223
59bb058604a5ee23ff3a29072b2a30a4a41513d309985ff91690f6ba437a6ece,5093468
e65207c861762d81600f0f3fc34e4663bb3c6a846549a0299fab0bfd71e80c11,2663394
87ab6134292910944cae97e0b53b7115100fac590e4ee39894d127cbbd5309cf,5746088
431494229903b6a49ea434cf45e9822b18e92db08c9cdada13aeb140ed55e6e6,3904863
24b5b80f51784963d6e43be7ed9e4926a498bf53a87bfac4bdf5ed2004143cd6,1470551
2326747557ac86050ae75d92144cc938e340bbd2a4ccd847a2e4c8537c94bea6,5941920
4dc4adbcd29f47a25676887b96c84c0a0cf1f4b9494b93281415d8ddce300893,4769523
aa9337d9d6372ad6f0630739bf97bc40dac317fb7f06d2be66dcd2d7fb490090,5096614
2b69e6d89f9b4df68be621ac73e7f1c77065dda5846e976551a0cd3cdef09eaa,4760108
c38c457b79c12ee208e5d1abb0861cc4001596ebdaac06f34ed9868219bdc302,9324847
7d7482fd99395464927cb9588f6263b147b2ec1afe15d42acea53d155219383e,9639397
d25312d3ca0a8e193da043639a3dbb7bbb9da90c17ed7af6aa0a79bd0811cb62,4906871
1a492701db03514a8ff07b49a4f6cb28eba367fd028405dfa55a26954d6df888,7367857
641d1f08465ffaa0c71716bf27629dc0b5c47bfa5d802ab7fa628cff6d82487c,6523357
02724c60cb27609658771b36a88f7e1017c5d2c6f722946427fd2a208f6015fb,8997363
8442a2c3094f816dbf81e608a1724031bda19f44fcafee6c6e70439e7e7fc22b,9318628
9b966767af8f48b981dbb56342c337a28b2acf270a24cbcd145459d035784530,5836160
3d45a4318710e9d4176436dc2c2be6aa48d9b0e85fdd96b28cb7317e9bc63d7e,9621022
d516a96cf6b9738c1bdaffa9e3a17f3ad50cf537b20acd6ec919c30db2e068fa,1397908
cebe0e3e75c1c0b35d852ccb07e72c3a4bb71ba618296170926c5a0543aef7ab,9253002
45c7f3533eca4d43304340fc8699ab29e505cd4b14613ac91df0acd4355eabe2,4435381
23839f752e250f732e4888af8e37efc11020a2d920b11b0a3292f693eedad069,4120829
192c2312485e50efe4b7e5916fb72a7bcc78501356307231cc80940b8fd1bb55,3032280
26c020ecabbffdd66baeb9bf8498d7d0b640332e709ab1fe283ec132f4c9dc89,6746085
c5492c95b4a970f332b7b3103c796f4b59ffc029d8a03808b5e98c21fa3f762f,6467991
1750e2540c5e1b70191b43ad80b7a258ea8514da45f7928b22c3f8ff4fa1146e,1275533
78a4bc75fbfada377c166ccbcfe6d942729636ee6a27e03e97fac39dd33b4ba0,7955798
6a98e5b974910bef28f4088a1426c6234fe11ab1e0875d1b3bc93902dced51c8,3582107
29d322534f7836cb32f67f4114d8b93195603f6aa691dd8fb2abcdf48c0f9e6d,5528409
ba529588b542442ab47ebd5c044057349a8d44af75b3d6277303e8619a465fc3,3511812
335691a381d659ada8d2ffe4f34e2fc10eddeeb1d7fbbfcb405b6dba6f45f3c7,5066303
7e0c75760abc76d1d4aebffffa8009e6d565d00edbd424831a60f45ce58b20dd,9925158
057da35676e4dccac3090a8b93ce6a748a329ec8783e24093f20ae870e91a9e2,5151130
a6a434d16d07e48b3430b5c344bf81642dc2ad1c1f88183cc68520367b29dbc9,9870303
